Product Name,Price,Rating,No. of Ratings,Discount
"vivo T3 Ultra (Frost Green, 128 GB)","?31,999",,,11% off
"Motorola G85 5G (Cobalt Blue, 128 GB)","?17,999",4.4,"30,800 Ratings & 1,669 Reviews",14% off
"vivo T3 Lite 5G (Vibrant Green, 128 GB)","?11,499",4.3,"20,178 Ratings & 708 Reviews",25% off
"vivo T3 Lite 5G (Majestic Black, 128 GB)","?11,499",4.3,"20,178 Ratings & 708 Reviews",25% off
"vivo T3 Lite 5G (Vibrant Green, 128 GB)","?10,499",4.4,"15,860 Ratings & 513 Reviews",27% off
"vivo T3 Lite 5G (Majestic Black, 128 GB)","?10,499",4.4,"15,860 Ratings & 513 Reviews",27% off
"OPPO A3 5G (Nebula Red, 128 GB)","?15,999",4.1,32 Ratings & 3 Reviews,20% off
"POCO C65 (Pastel Blue, 128 GB)","?7,499",4.2,"20,414 Ratings & 963 Reviews",37% off
"Motorola G34 5G (Ocean Green, 128 GB)","?11,999",4.2,"1,25,565 Ratings & 8,697 Reviews",20% off
"Motorola G34 5G (Ice Blue, 128 GB)","?11,999",4.2,"1,25,565 Ratings & 8,697 Reviews",20% off
"Motorola Edge 50 Fusion (Hot Pink, 256 GB)","?24,999",4.4,"39,113 Ratings & 2,813 Reviews",10% off
"OnePlus Nord CE 3 Lite 5G (Pastel Lime, 128 GB)","?16,856",4.4,"1,14,375 Ratings & 5,967 Reviews",15% off
"Motorola G85 5G (Urban Grey, 256 GB)","?19,999",4.4,"11,070 Ratings & 630 Reviews",13% off
"OPPO K12x 5G with 45W SUPERVOOC Charger In-The-Box (Midnight Voilet, 128 GB)","?12,999",4.5,"24,937 Ratings & 995 Reviews",23% off
"OPPO K12x 5G with 45W SUPERVOOC Charger In-The-Box (Breeze Blue, 128 GB)","?12,999",4.5,"24,937 Ratings & 995 Reviews",23% off
"OnePlus Nord CE 3 Lite 5G (Chromatic Gray, 128 GB)","?16,720",4.4,"1,14,375 Ratings & 5,967 Reviews",16% off
"vivo T3x 5G (Crimson Bliss, 128 GB)","?14,999",4.5,"53,668 Ratings & 1,923 Reviews",21% off
"OnePlus Nord CE 3 Lite 5G (Pastel Lime, 256 GB)","?18,327",4.4,"1,14,375 Ratings & 5,967 Reviews",16% off
"OnePlus Nord CE 3 Lite 5G (Chromatic Gray, 256 GB)","?18,581",4.4,"1,14,375 Ratings & 5,967 Reviews",15% off
"vivo T3x 5G (Crimson Bliss, 128 GB)","?13,499",4.5,"17,777 Ratings & 639 Reviews",22% off
"vivo T3x 5G (Celestial Green, 128 GB)","?13,499",4.5,"17,777 Ratings & 639 Reviews",22% off
"POCO C65 (Pastel Blue, 128 GB)","?6,999",4.3,"56,214 Ratings & 2,813 Reviews",36% off
"vivo T3 Pro 5G (Sandstone Orange, 256 GB)","?26,999",4.5,"4,185 Ratings & 307 Reviews",15% off
"vivo T3x 5G (Celestial Green, 128 GB)","?14,999",4.5,"53,668 Ratings & 1,923 Reviews",21% off
"vivo T3x 5G (Crimson Bliss, 128 GB)","?13,499",4.5,"17,777 Ratings & 639 Reviews",22% off
"vivo T3x 5G (Celestial Green, 128 GB)","?13,499",4.5,"17,777 Ratings & 639 Reviews",22% off
"vivo T3 Ultra (Lunar Gray, 256 GB)","?35,999",,,10% off
"POCO C65 (Pastel Green, 128 GB)","?6,999",4.3,"56,214 Ratings & 2,813 Reviews",36% off
"POCO C65 (Pastel Blue, 128 GB)","?6,999",4.3,"56,214 Ratings & 2,813 Reviews",36% off
"vivo T3 Pro 5G (Sandstone Orange, 256 GB)","?26,999",4.5,"4,185 Ratings & 307 Reviews",15% off
"Motorola g64 5G (Ice Lilac, 256 GB)","?16,999",4.2,"20,266 Ratings & 1,273 Reviews",15% off
"vivo T3x 5G (Celestial Green, 128 GB)","?14,999",4.5,"53,668 Ratings & 1,923 Reviews",21% off
"OPPO K12x 5G with 45W SUPERVOOC Charger In-The-Box (Midnight Voilet, 256 GB)","?15,999",4.5,"5,833 Ratings & 193 Reviews",15% off
"OPPO K12x 5G with 45W SUPERVOOC Charger In-The-Box (Breeze Blue, 256 GB)","?15,999",4.5,"5,833 Ratings & 193 Reviews",15% off
"vivo T3x 5G (Celestial Green, 128 GB)","?16,499",4.4,"12,514 Ratings & 636 Reviews",19% off
"Motorola g64 5G (Mint Green, 256 GB)","?16,999",4.2,"20,266 Ratings & 1,273 Reviews",15% off
"Motorola g64 5G (Ice Lilac, 128 GB)","?14,999",4.2,"28,955 Ratings & 1,680 Reviews",16% off
"Apple iPhone 15 Plus (Blue, 128 GB)","?75,999",4.6,"9,154 Ratings & 714 Reviews",4% off
"Motorola G85 5G (Olive Green, 256 GB)","?19,999",4.4,"11,070 Ratings & 630 Reviews",13% off
"realme 12x 5G (Twilight Purple, 128 GB)","?14,999",4.4,"6,413 Ratings & 308 Reviews",21% off
"REDMI 12 5G (Jade Black, 128 GB)","?12,499",4.2,"53,035 Ratings & 2,435 Reviews",30% off
"vivo T3 Pro 5G (Emerald Green, 256 GB)","?26,999",4.5,"4,185 Ratings & 307 Reviews",15% off
"vivo T3 Pro 5G (Sandstone Orange, 128 GB)","?24,999",4.5,"4,185 Ratings & 307 Reviews",16% off
"vivo T3 Pro 5G (Emerald Green, 128 GB)","?24,999",4.5,"4,185 Ratings & 307 Reviews",16% off
"POCO C61  - Locked with Airtel Prepaid (Mystical Green, 64 GB)","?5,999",4.1,"22,821 Ratings & 725 Reviews",33% off
"realme 12x 5G (Twilight Purple, 128 GB)","?13,499",4.4,"52,614 Ratings & 2,548 Reviews",25% off
"realme 12x 5G (Woodland Green, 128 GB)","?13,499",4.4,"52,614 Ratings & 2,548 Reviews",25% off
"Apple iPhone 15 (Blue, 128 GB)","?69,900",4.6,"50,248 Ratings & 2,655 Reviews",No discount
"Infinix SMART 8 (Rainbow Blue, 128 GB)","?7,999",4.3,"9,055 Ratings & 527 Reviews",27% off
"Infinix SMART 8 (Timber Black, 128 GB)","?7,999",4.3,"9,055 Ratings & 527 Reviews",27% off
"vivo T3 Ultra (Frost Green, 128 GB)","?31,999",,,11% off
"Infinix SMART 8 (Rainbow Blue, 64 GB)","?7,299",4.3,"25,741 Ratings & 1,543 Reviews",18% off
"Infinix SMART 8 (Galaxy White, 64 GB)","?7,299",4.3,"25,741 Ratings & 1,543 Reviews",18% off
"Infinix SMART 8 (Shiny Gold, 64 GB)","?7,299",4.3,"25,741 Ratings & 1,543 Reviews",18% off
"Infinix SMART 8 (Timber Black, 64 GB)","?7,299",4.3,"25,741 Ratings & 1,543 Reviews",18% off
"Infinix SMART 8 (Shiny Gold, 128 GB)","?7,999",4.3,"9,055 Ratings & 527 Reviews",27% off
"Infinix SMART 8 (Galaxy White, 128 GB)","?7,999",4.3,"9,055 Ratings & 527 Reviews",27% off
"POCO C65 (Matte Black, 128 GB)","?7,499",4.2,"20,414 Ratings & 963 Reviews",37% off
"Infinix HOT 40i (Horizon Gold, 256 GB)","?8,999",4.1,"15,683 Ratings & 923 Reviews",18% off
"Motorola g04s (Sea Green, 64 GB)","?7,299",4.2,"18,385 Ratings & 953 Reviews",27% off
"REDMI 13C (Starfrost White, 128 GB)","?8,499",4.2,"14,283 Ratings & 573 Reviews",39% off
"vivo T3 5G (Crystal Flake, 256 GB)","?21,999",4.4,"46,697 Ratings & 3,288 Reviews",12% off
"Motorola Edge 50 Pro 5G with 68W Charger (Luxe Lavender, 256 GB)","?31,999",4.4,"28,244 Ratings & 2,432 Reviews",13% off
"Apple iPhone 15 Plus (Black, 128 GB)","?75,999",4.6,"9,154 Ratings & 714 Reviews",4% off
"REDMI 13C (Starshine Green, 128 GB)","?7,699",4.2,"44,411 Ratings & 1,884 Reviews",35% off
"Apple iPhone 15 Plus (Green, 256 GB)","?85,999",4.6,"9,154 Ratings & 714 Reviews",4% off
"Infinix Smart 8 Plus (Galaxy White, 128 GB)","?7,799",4.3,"6,687 Ratings & 395 Reviews",22% off
"Infinix Smart 8 Plus (Timber Black, 128 GB)","?7,799",4.3,"6,687 Ratings & 395 Reviews",22% off
"Apple iPhone 15 Plus (Black, 256 GB)","?85,999",4.6,"9,154 Ratings & 714 Reviews",4% off
"MOTOROLA Edge 50 (Peach Fuzz, 256 GB)","?27,999",4.3,"5,408 Ratings & 389 Reviews",15% off
"POCO C61 (Diamond Dust Black, 64 GB)","?6,499",4.1,"22,821 Ratings & 725 Reviews",27% off
"POCO M6 5G (Galactic Black, 128 GB)","?9,999",4.3,"28,816 Ratings & 1,512 Reviews",28% off
"REDMI 13c 5G (Startrail Silver, 256 GB)","?13,756",4.2,"5,181 Ratings & 266 Reviews",23% off
"POCO C61 (Ethereal Blue, 64 GB)","?6,499",4.1,"22,821 Ratings & 725 Reviews",27% off
"realme Narzo N63 4G (Twilight Purple, 128 GB)","?8,848",4.1,"1,536 Ratings & 36 Reviews",19% off
"REDMI 13c 5G (Starlight Black, 128 GB)","?10,183",4.3,"19,927 Ratings & 722 Reviews",27% off
"vivo T3 Ultra (Frost Green, 128 GB)","?31,999",,,11% off
"REDMI 13c 5G (Startrail Green, 128 GB)","?10,375",4.3,"19,927 Ratings & 722 Reviews",25% off
"realme P1 5G (Peacock Green, 128 GB)","?17,499",4.3,"16,417 Ratings & 954 Reviews",20% off
"realme P1 5G (Peacock Green, 128 GB)","?15,999",4.3,"28,640 Ratings & 1,874 Reviews",23% off
"REDMI 13 5G (Orchid Pink, 128 GB)","?13,200",4.2,"3,110 Ratings & 123 Reviews",26% off
"Samsung Galaxy S21 FE 5G with Snapdragon 888 (Olive, 256 GB)","?27,038",4.3,"1,46,482 Ratings & 13,899 Reviews",58% off
"REDMI 12 (Jade Black, 128 GB)","?9,088",4.2,"54,135 Ratings & 3,494 Reviews",43% off
"realme Narzo N63 4G (Leather Blue, 128 GB)","?8,762",4.1,"1,536 Ratings & 36 Reviews",20% off
"Apple iPhone 15 Plus (Green, 128 GB)","?75,999",4.6,"9,154 Ratings & 714 Reviews",4% off
"POCO M6 5G (Polaris Green, 128 GB)","?9,999",4.3,"28,816 Ratings & 1,512 Reviews",28% off
"realme C61 (Safari Green, 128 GB)","?8,999",4.4,"1,937 Ratings & 54 Reviews",18% off
"Infinix HOT 40i (Starlit Black, 256 GB)","?8,999",4.1,"15,683 Ratings & 923 Reviews",18% off
"Infinix HOT 40i (Palm Blue, 256 GB)","?8,999",4.1,"15,683 Ratings & 923 Reviews",18% off
"Apple iPhone 15 (Green, 128 GB)","?69,900",4.6,"50,248 Ratings & 2,655 Reviews",No discount
"Motorola G34 5G (Ocean Green, 128 GB)","?10,999",4.2,"44,191 Ratings & 3,317 Reviews",21% off
"Motorola Edge 50 Pro 5G with 125W Charger (Vanilla Cream, 256 GB)","?35,999",4.3,"10,686 Ratings & 875 Reviews",14% off
"Samsung Galaxy S21 FE 5G with Snapdragon 888 (Graphite, 256 GB)","?27,038",4.3,"1,46,482 Ratings & 13,899 Reviews",58% off
"SAMSUNG Galaxy F34 5G (Mystic Green, 128 GB)","?14,999",4.2,"12,834 Ratings & 957 Reviews",42% off
"realme C61 (Marble Black, 64 GB)","?7,699",4.3,"1,255 Ratings & 35 Reviews",14% off
"realme C61 (Safari Green, 64 GB)","?7,699",4.3,"1,255 Ratings & 35 Reviews",14% off
"vivo T3 Ultra (Frost Green, 128 GB)","?31,999",,,11% off
"Apple iPhone 15 Plus (Blue, 256 GB)","?85,999",4.6,"9,154 Ratings & 714 Reviews",4% off
"realme P1 5G (Phoenix Red, 128 GB)","?17,499",4.3,"16,417 Ratings & 954 Reviews",20% off
"POCO M6 5G - Locked with Airtel Prepaid (Galactic Black, 128 GB)","?8,249",4.1,"47,436 Ratings & 2,565 Reviews",36% off
"realme P1 5G (Peacock Green, 256 GB)","?18,999",4.3,"16,417 Ratings & 954 Reviews",17% off
"realme P1 5G (Phoenix Red, 256 GB)","?18,999",4.3,"16,417 Ratings & 954 Reviews",17% off
"realme P1 5G (Phoenix Red, 128 GB)","?15,999",4.3,"28,640 Ratings & 1,874 Reviews",23% off
"SAMSUNG Galaxy S23 5G (Lavender, 256 GB)","?60,999",4.5,"14,992 Ratings & 1,379 Reviews",36% off
"Google Pixel 7 (Lemongrass, 128 GB)","?32,999",4.3,"16,146 Ratings & 1,857 Reviews",45% off
"Google Pixel 7 (Snow, 128 GB)","?32,999",4.3,"16,146 Ratings & 1,857 Reviews",45% off
"Google Pixel 7 (Obsidian, 128 GB)","?32,999",4.3,"16,146 Ratings & 1,857 Reviews",45% off
"itel A70 | 5000 mAh Battery |13MP Dual Rear Camera | Type C Charging (Field Green, 64 GB)","?6,448",4.2,"1,848 Ratings & 71 Reviews",11% off
"itel A70 | 5000 mAh Battery |13MP Dual Rear Camera | Type C Charging (Azure Blue, 64 GB)","?6,460",4.2,"1,848 Ratings & 71 Reviews",11% off
"itel A70 | 5000 mAh Battery |13MP Dual Rear Camera | Type C Charging (Starlish Black, 64 GB)","?6,355",4.2,"1,848 Ratings & 71 Reviews",12% off
"REDMI 13c 5G (Starlight Black, 128 GB)","?11,298",4.2,"11,974 Ratings & 506 Reviews",29% off
"Tecno Spark 20C (Gravity Black, 128 GB)","?8,299",4.2,369 Ratings & 12 Reviews,20% off
"REDMI 13c 5G (Startrail Green, 128 GB)","?11,199",4.2,"11,974 Ratings & 506 Reviews",30% off
"REDMI 12 (Jade Black, 128 GB)","?8,999",4.2,"54,135 Ratings & 3,494 Reviews",43% off
"REDMI 13c 5G (Startrail Silver, 128 GB)","?10,366",4.3,"19,927 Ratings & 722 Reviews",25% off
"realme Narzo N63 4G (Twilight Purple, 64 GB)","?7,982",4.1,"1,536 Ratings & 36 Reviews",20% off
"OPPO A3 5G (Ocean Blue, 128 GB)","?19,998",4.1,32 Ratings & 3 Reviews,No discount
"Tecno Spark Go 1 (Glittery White, 64 GB)","?7,299",4.3,101 Ratings & 8 Reviews,18% off
"realme C61 (Safari Green, 128 GB)","?8,499",4.3,"1,255 Ratings & 35 Reviews",15% off
"Apple iPhone 12 (Blue, 64 GB)","?37,999",4.6,"2,11,056 Ratings & 13,913 Reviews",23% off
"vivo T3 Ultra (Lunar Gray, 256 GB)","?35,999",,,10% off
"realme 12 Pro 5G (Navigator Beige, 256 GB)","?26,999",4.4,"24,673 Ratings & 2,320 Reviews",15% off
"realme P1 5G (Peacock Green, 128 GB)","?15,999",4.3,"28,640 Ratings & 1,874 Reviews",23% off
"realme C63 (Jade Green, 128 GB)","?8,999",4.3,"2,553 Ratings & 116 Reviews",18% off
"realme C63 5G Charger in the Box (Forest Green, 128 GB)","?12,999",4.3,328 Ratings & 22 Reviews,13% off
"Apple iPhone 15 Plus (Pink, 128 GB)","?75,999",4.6,"9,154 Ratings & 714 Reviews",4% off
"Google Pixel 7 (Lemongrass, 128 GB)","?32,999",4.3,"16,146 Ratings & 1,857 Reviews",45% off
"Google Pixel 7 (Snow, 128 GB)","?32,999",4.3,"16,146 Ratings & 1,857 Reviews",45% off
"Google Pixel 7 (Obsidian, 128 GB)","?32,999",4.3,"16,146 Ratings & 1,857 Reviews",45% off
"Infinix GT 20 Pro (Mecha Blue, 256 GB)","?25,999",4.3,"3,254 Ratings & 209 Reviews",25% off
"Infinix GT 20 Pro (Mecha Orange, 256 GB)","?25,999",4.3,"3,254 Ratings & 209 Reviews",25% off
"Apple iPhone 15 Plus (Blue, 256 GB)","?85,999",4.6,"9,154 Ratings & 714 Reviews",4% off
"realme Narzo N61 (Voyage Blue, 128 GB)","?8,778",4.1,82 Ratings & 2 Reviews,8% off
"Apple iPhone 14 Plus (Midnight, 128 GB)","?58,999",4.6,"80,915 Ratings & 4,518 Reviews",15% off
"realme C61 (Marble Black, 64 GB)","?7,699",4.3,"1,255 Ratings & 35 Reviews",14% off
"realme C61 (Safari Green, 64 GB)","?7,699",4.3,"1,255 Ratings & 35 Reviews",14% off
"Infinix GT 20 Pro (Mecha Orange, 256 GB)","?23,999",4.3,"4,555 Ratings & 368 Reviews",25% off
"itel A70 | 5000 mAh Battery |13MP Dual Rear Camera | Type C Charging (Brilliant Gold, 64 GB)","?6,361",4.2,"1,848 Ratings & 71 Reviews",12% off
"Infinix SMART 8 HD (Shiny Gold, 64 GB)","?6,699",4.3,"35,573 Ratings & 2,430 Reviews",16% off
"Infinix SMART 8 HD (Timber Black, 64 GB)","?6,699",4.3,"35,573 Ratings & 2,430 Reviews",16% off
"Infinix SMART 8 HD (Galaxy White, 64 GB)","?6,699",4.3,"35,573 Ratings & 2,430 Reviews",16% off
"Infinix SMART 8 HD (Crystal Green, 64 GB)","?6,699",4.3,"35,573 Ratings & 2,430 Reviews",16% off
"realme C63 5G Charger in the Box (Forest Green, 128 GB)","?10,999",4.4,791 Ratings & 36 Reviews,15% off
"realme C63 5G Charger in the Box (Starry Gold, 128 GB)","?10,999",4.4,791 Ratings & 36 Reviews,15% off
"Nothing Phone (2a) 5G (Blue, 256 GB)","?27,999",4.4,"7,202 Ratings & 687 Reviews",6% off
"SAMSUNG Galaxy S23 5G (Lavender, 256 GB)","?60,999",4.5,"14,992 Ratings & 1,379 Reviews",36% off
"vivo T3 Ultra (Frost Green, 128 GB)","?31,999",,,11% off
"Google Pixel 7 (Lemongrass, 128 GB)","?32,999",4.3,"16,146 Ratings & 1,857 Reviews",45% off
"Google Pixel 7 (Snow, 128 GB)","?32,999",4.3,"16,146 Ratings & 1,857 Reviews",45% off
"Google Pixel 7 (Obsidian, 128 GB)","?32,999",4.3,"16,146 Ratings & 1,857 Reviews",45% off
"itel A70 | 5000 mAh Battery |13MP Dual Rear Camera | Type C Charging (Field Green, 64 GB)","?6,448",4.2,"1,836 Ratings & 71 Reviews",11% off
"itel A70 | 5000 mAh Battery |13MP Dual Rear Camera | Type C Charging (Azure Blue, 64 GB)","?6,460",4.2,"1,836 Ratings & 71 Reviews",11% off
"itel A70 | 5000 mAh Battery |13MP Dual Rear Camera | Type C Charging (Starlish Black, 64 GB)","?6,355",4.2,"1,836 Ratings & 71 Reviews",12% off
"REDMI 13c 5G (Starlight Black, 128 GB)","?11,298",4.2,"11,974 Ratings & 506 Reviews",29% off
"Nothing Phone (2a) 5G (White, 256 GB)","?25,999",4.4,"46,178 Ratings & 4,496 Reviews",7% off
"Nothing Phone (2a) 5G (Black, 256 GB)","?25,999",4.4,"46,178 Ratings & 4,496 Reviews",7% off
"Tecno Spark 20C (Gravity Black, 128 GB)","?8,299",4.2,369 Ratings & 12 Reviews,20% off
"REDMI 13c 5G (Startrail Green, 128 GB)","?11,199",4.2,"11,974 Ratings & 506 Reviews",30% off
"realme C61 (Safari Green, 128 GB)","?8,999",4.4,"1,937 Ratings & 54 Reviews",18% off
"REDMI 12 (Jade Black, 128 GB)","?8,999",4.2,"54,135 Ratings & 3,494 Reviews",43% off
"Nothing Phone (2a) 5G (Black, 128 GB)","?23,999",4.4,"46,178 Ratings & 4,496 Reviews",7% off
"REDMI 13c 5G (Startrail Silver, 128 GB)","?10,366",4.3,"19,927 Ratings & 722 Reviews",25% off
"realme Narzo N63 4G (Twilight Purple, 64 GB)","?7,982",4.1,"1,536 Ratings & 36 Reviews",20% off
"REDMI 13c 5G (Startrail Silver, 128 GB)","?11,294",4.2,"11,974 Ratings & 506 Reviews",29% off
"REDMI 12 (Moonstone Silver, 128 GB)","?8,999",4.2,"54,135 Ratings & 3,494 Reviews",43% off
"Apple iPhone 14 Plus (Midnight, 128 GB)","?58,999",4.6,"80,915 Ratings & 4,518 Reviews",15% off
"realme C63 5G Charger in the Box (Forest Green, 128 GB)","?12,999",4.3,328 Ratings & 22 Reviews,13% off
"POCO X6 Neo 5G (Martian Orange, 256 GB)","?14,999",4.1,"9,189 Ratings & 608 Reviews",31% off
"POCO M6 Pro 5G (Power Black, 128 GB)","?9,499",4.3,"80,570 Ratings & 5,235 Reviews",40% off
"realme 12 Pro 5G (Navigator Beige, 256 GB)","?26,999",4.4,"24,673 Ratings & 2,320 Reviews",15% off
"vivo T3 Ultra (Frost Green, 128 GB)","?31,999",,,11% off
"itel A70 | 5000 mAh Battery |13MP Dual Rear Camera | Type C Charging (Brilliant Gold, 64 GB)","?6,361",4.2,"1,848 Ratings & 71 Reviews",12% off
"Apple iPhone 13 (Midnight, 128 GB)","?49,900",4.6,"2,84,249 Ratings & 13,715 Reviews",No discount
"realme C63 (Jade Green, 128 GB)","?8,999",4.3,"2,553 Ratings & 116 Reviews",18% off
"Apple iPhone 15 Plus (Pink, 128 GB)","?75,999",4.6,"9,154 Ratings & 714 Reviews",4% off
"Infinix GT 20 Pro (Mecha Blue, 256 GB)","?23,999",4.3,"4,555 Ratings & 368 Reviews",25% off
"Infinix GT 20 Pro (Mecha Silver, 256 GB)","?23,999",4.3,"4,555 Ratings & 368 Reviews",25% off
"Apple iPhone 15 (Pink, 128 GB)","?69,900",4.6,"50,248 Ratings & 2,655 Reviews",No discount
"SAMSUNG Galaxy M34 5G (Waterfall Blue, 128 GB)","?14,390",4.2,"2,554 Ratings & 170 Reviews",41% off
"vivo T3 5G (Crystal Flake, 256 GB)","?21,999",4.4,"46,697 Ratings & 3,288 Reviews",12% off
"Nothing Phone (2a) 5G (Special Edition, 256 GB)","?27,999",4.4,"7,202 Ratings & 687 Reviews",6% off
"REDMI 12 5G (Moonstone Silver, 256 GB)","?13,999",4.2,"28,794 Ratings & 1,654 Reviews",30% off
"REDMI 12 (Moonstone Silver, 128 GB)","?9,499",4.3,"1,05,398 Ratings & 5,560 Reviews",36% off
"realme Narzo 70 Pro 5G (Glass Gold, 256 GB)","?18,099",4.3,"3,843 Ratings & 245 Reviews",32% off
"Apple iPhone 15 (Black, 256 GB)","?79,900",4.6,"50,248 Ratings & 2,655 Reviews",No discount
"realme C63 5G Charger in the Box (Starry Gold, 128 GB)","?12,999",4.3,328 Ratings & 22 Reviews,13% off
"Tecno Spark Go 1 (Startrail Black, 64 GB)","?7,299",4.3,101 Ratings & 8 Reviews,18% off
"REDMI 12 5G (Moonstone Silver, 128 GB)","?12,499",4.2,"53,035 Ratings & 2,435 Reviews",30% off
"Infinix SMART 8 HD (Shiny Gold, 64 GB)","?6,699",4.3,"35,573 Ratings & 2,430 Reviews",16% off
"Infinix SMART 8 HD (Timber Black, 64 GB)","?6,699",4.3,"35,573 Ratings & 2,430 Reviews",16% off
"Infinix SMART 8 HD (Galaxy White, 64 GB)","?6,699",4.3,"35,573 Ratings & 2,430 Reviews",16% off
"Infinix SMART 8 HD (Crystal Green, 64 GB)","?6,699",4.3,"35,573 Ratings & 2,430 Reviews",16% off
"realme 12 Pro 5G (Submarine Blue, 256 GB)","?24,999",4.4,"7,581 Ratings & 452 Reviews",26% off
"realme 12 Pro 5G (Navigator Beige, 256 GB)","?24,999",4.4,"7,581 Ratings & 452 Reviews",26% off
"POCO M6 5G (Polaris Green, 128 GB)","?8,999",4.1,"47,436 Ratings & 2,565 Reviews",30% off
"realme P1 Pro 5G (Parrot Blue, 128 GB)","?19,999",4.4,"16,184 Ratings & 1,115 Reviews",20% off
"vivo T3 Ultra (Frost Green, 128 GB)","?31,999",,,11% off
"SAMSUNG Galaxy S23 FE (Graphite, 128 GB)","?37,999",4.3,"14,683 Ratings & 1,031 Reviews",52% off
"realme P1 Pro 5G (Phoenix Red, 128 GB)","?19,999",4.4,"16,184 Ratings & 1,115 Reviews",20% off
"POCO M6 5G (Orion Blue, 128 GB)","?9,999",4.3,"28,816 Ratings & 1,512 Reviews",28% off
"realme P1 Pro 5G (Phoenix Red, 256 GB)","?20,999",4.4,"16,184 Ratings & 1,115 Reviews",19% off
"realme P1 Pro 5G (Parrot Blue, 256 GB)","?20,999",4.4,"16,184 Ratings & 1,115 Reviews",19% off
"realme 12 Pro 5G (Submarine Blue, 256 GB)","?26,999",4.4,"24,673 Ratings & 2,320 Reviews",15% off
"OnePlus Nord CE4 (Dark Chrome, 256 GB)","?26,869",4.5,"12,845 Ratings & 703 Reviews",No discount
"realme P1 Pro 5G (Phoenix Red, 256 GB)","?20,999",4.4,"1,638 Ratings & 79 Reviews",22% off
"Apple iPhone 15 (Yellow, 128 GB)","?69,900",4.6,"50,248 Ratings & 2,655 Reviews",No discount
"SAMSUNG Galaxy A15 5G (Blue Black, 128 GB)","?17,435",4.2,"1,581 Ratings & 114 Reviews",18% off
"vivo V40 5G (Titanium Grey, 128 GB)","?34,999",4.5,"2,310 Ratings & 233 Reviews",12% off
"itel P55T (Astral Gold, 128 GB)","?6,938",4.3,213 Ratings & 9 Reviews,42% off
"OnePlus Nord CE 2 Lite 5G (Blue Tide, 128 GB)","?17,490",4.4,"1,62,311 Ratings & 10,822 Reviews",12% off
"OnePlus Nord CE4 (Celadon Marble, 128 GB)","?24,948",4.5,"12,845 Ratings & 703 Reviews",No discount
"realme NARZO 70X 5G (ICE BLUE, 128 GB)","?12,470",4.2,"2,073 Ratings & 85 Reviews",30% off
"OnePlus Nord CE4 (Dark Chrome, 128 GB)","?24,220",4.5,"12,845 Ratings & 703 Reviews",3% off
"itel P55T (Astral Black, 128 GB)","?6,929",4.3,213 Ratings & 9 Reviews,42% off
"Infinix SMART 8 HD (Crystal Green, 64 GB)","?6,999",4.3,"1,211 Ratings & 44 Reviews",22% off
"realme 12+ 5G (Pioneer Green, 128 GB)","?20,999",4.3,"15,012 Ratings & 1,309 Reviews",12% off
"vivo T3 Ultra (Lunar Gray, 256 GB)","?35,999",,,10% off
"Nothing Phone (2a) 5G (Special Edition, 256 GB)","?27,999",4.4,"7,202 Ratings & 687 Reviews",6% off
"Infinix HOT 40i (Starfall Green, 256 GB)","?8,999",4.1,"15,683 Ratings & 923 Reviews",18% off
"SAMSUNG Galaxy S23 5G (Phantom Black, 128 GB)","?55,999",4.5,"14,992 Ratings & 1,379 Reviews",37% off
"realme 12+ 5G (Pioneer Green, 128 GB)","?20,999",4.3,"15,012 Ratings & 1,309 Reviews",12% off
"realme Narzo 70 Pro 5G (Glass Green, 256 GB)","?19,498",4.3,"3,843 Ratings & 245 Reviews",27% off
"Samsung Galaxy S21 FE 5G with Snapdragon 888 (Navy, 256 GB)","?27,788",4.3,"1,46,482 Ratings & 13,899 Reviews",57% off
"realme C63 (Jade Green, 64 GB)","?8,499",4.3,"2,553 Ratings & 116 Reviews",15% off
"Motorola Edge 50 Pro 5G with 68W Charger (Luxe Lavender, 256 GB)","?31,999",4.4,"28,244 Ratings & 2,432 Reviews",13% off
"realme P1 Pro 5G (Parrot Blue, 128 GB)","?19,999",4.4,"16,184 Ratings & 1,115 Reviews",20% off
"realme P1 Pro 5G (Phoenix Red, 128 GB)","?19,999",4.4,"16,184 Ratings & 1,115 Reviews",20% off
"REDMI 13c 5G (Starlight Black, 128 GB)","?11,298",4.2,"11,974 Ratings & 506 Reviews",29% off
"realme P1 Pro 5G (Parrot Blue, 256 GB)","?20,999",4.4,"16,184 Ratings & 1,115 Reviews",19% off
"realme P1 Pro 5G (Phoenix Red, 256 GB)","?20,999",4.4,"16,184 Ratings & 1,115 Reviews",19% off
"Apple iPhone 15 (Black, 256 GB)","?79,900",4.6,"50,248 Ratings & 2,655 Reviews",No discount
"REDMI 13c 5G (Startrail Green, 128 GB)","?11,199",4.2,"11,974 Ratings & 506 Reviews",30% off
"realme NARZO 70X 5G (ICE BLUE, 128 GB)","?12,450",4.1,239 Ratings & 9 Reviews,26% off
"realme C61 (Safari Green, 128 GB)","?8,499",4.3,"1,255 Ratings & 35 Reviews",15% off
"realme Narzo N61 (Marble Black, 128 GB)","?8,316",4.1,82 Ratings & 2 Reviews,7% off
"Infinix SMART 8 HD (Shiny Gold, 64 GB)","?6,999",4.3,"1,211 Ratings & 44 Reviews",22% off
"Infinix SMART 8 HD (Timber Black, 64 GB)","?6,999",4.3,"1,211 Ratings & 44 Reviews",22% off
"realme C61 (Marble Black, 128 GB)","?8,499",4.3,"1,255 Ratings & 35 Reviews",15% off
"itel P55T (Astral Purple, 128 GB)","?7,259",4.3,213 Ratings & 9 Reviews,27% off
"realme C11 2021 (Cool Grey, 32 GB)","?4,999",4.4,"2,38,532 Ratings & 10,148 Reviews",37% off
"vivo T3 Ultra (Lunar Gray, 256 GB)","?35,999",,,10% off
"realme 12 Pro 5G (Submarine Blue, 128 GB)","?22,999",4.4,"24,673 Ratings & 2,320 Reviews",23% off
"REDMI Note 13 5G (Arctic White, 128 GB)","?15,364",4.2,"14,332 Ratings & 865 Reviews",33% off
"Motorola Edge 50 Pro 5G with 125W Charger (Luxe Lavender, 256 GB)","?35,999",4.3,"10,686 Ratings & 875 Reviews",14% off
"realme C63 5G Charger in the Box (Starry Gold, 128 GB)","?10,999",4.4,791 Ratings & 36 Reviews,15% off
"realme C63 5G Charger in the Box (Forest Green, 128 GB)","?10,999",4.4,791 Ratings & 36 Reviews,15% off
"POCO M6 5G (Galactic Black, 128 GB)","?8,999",4.1,"47,436 Ratings & 2,565 Reviews",30% off
"REDMI 12 5G (Jade Black, 256 GB)","?13,999",4.2,"28,794 Ratings & 1,654 Reviews",30% off
"SAMSUNG Galaxy A15 5G (Blue, 128 GB)","?17,063",4.2,"1,581 Ratings & 114 Reviews",20% off
"Apple iPhone 15 Plus (Pink, 256 GB)","?85,999",4.6,"9,154 Ratings & 714 Reviews",4% off
"realme NARZO 70X 5G (FOREST GREEN, 128 GB)","?12,540",4.2,"2,073 Ratings & 85 Reviews",30% off
"REDMI Note 13 Pro 5G (Arctic White, 256 GB)","?24,148",4.3,"3,542 Ratings & 285 Reviews",26% off
"realme C61 (Marble Black, 128 GB)","?8,999",4.4,"1,937 Ratings & 54 Reviews",18% off
"Motorola Edge 50 Pro 5G with 125W Charger (Black Beauty, 256 GB)","?35,999",4.3,"10,686 Ratings & 875 Reviews",14% off
"IQOO Z9x (Storm Grey, 128 GB)","?13,100",4.2,597 Ratings & 22 Reviews,27% off
"realme 12+ 5G (Navigator Beige, 256 GB)","?21,999",4.3,"15,012 Ratings & 1,309 Reviews",15% off
"realme 12+ 5G (Pioneer Green, 256 GB)","?21,999",4.3,"15,012 Ratings & 1,309 Reviews",15% off
"realme 12+ 5G (Navigator Beige, 128 GB)","?20,999",4.3,"15,012 Ratings & 1,309 Reviews",12% off
"realme NARZO 70X 5G (Forest Green, 128 GB)","?13,820",4.1,410 Ratings & 18 Reviews,27% off
"Apple iPhone 13 (Blue, 512 GB)","?79,900",4.6,"2,84,249 Ratings & 13,715 Reviews",No discount
"Infinix GT 20 Pro (Mecha Silver, 256 GB)","?25,999",4.3,"3,254 Ratings & 209 Reviews",25% off
"IQOO Z7 Pro 5G (Graphite Matte, 256 GB)","?21,999",4.4,"6,992 Ratings & 408 Reviews",21% off
"realme NARZO 70X 5G (ICE BLUE, 128 GB)","?11,956",4.1,239 Ratings & 9 Reviews,29% off
"SAMSUNG Galaxy M14 4G (Arctic Blue, 64 GB)","?8,572",4,"1,320 Ratings & 48 Reviews",38% off
"realme NARZO 70X 5G (Ice Blue, 128 GB)","?13,704",4.1,410 Ratings & 18 Reviews,34% off
"SAMSUNG Galaxy A54 5G (Awesome Graphite, 128 GB)","?25,816",4.3,"3,447 Ratings & 320 Reviews",38% off
"vivo T3 Ultra (Lunar Gray, 256 GB)","?35,999",,,10% off
"POCO M6 5G (Galactic Black, 128 GB)","?8,999",4.1,"47,436 Ratings & 2,565 Reviews",30% off
"Apple iPhone 15 (Yellow, 128 GB)","?69,900",4.6,"50,248 Ratings & 2,655 Reviews",No discount
"IQOO Z9x (Storm Grey, 128 GB)","?13,100",4.2,597 Ratings & 22 Reviews,27% off
"OnePlus Nord CE4 (Dark Chrome, 256 GB)","?26,869",4.5,"12,845 Ratings & 703 Reviews",No discount
"Apple iPhone 15 Plus (Green, 256 GB)","?85,999",4.6,"9,154 Ratings & 714 Reviews",4% off
"Motorola Edge 50 Pro 5G with 125W Charger (Luxe Lavender, 256 GB)","?35,999",4.3,"10,686 Ratings & 875 Reviews",14% off
"vivo V40 5G (Lotus Purple, 512 GB)","?41,999",4.5,278 Ratings & 29 Reviews,14% off
"vivo V40 5G (Titanium Grey, 512 GB)","?41,999",4.5,278 Ratings & 29 Reviews,14% off
"vivo V40 5G (Ganges Blue, 512 GB)","?41,999",4.5,278 Ratings & 29 Reviews,14% off
"IQOO Z9x (Tornado Green, 128 GB)","?13,079",4.2,597 Ratings & 22 Reviews,27% off
"REDMI Note 13 Pro+ 5G (Fusion Black, 256 GB)","?26,375",4.2,"8,274 Ratings & 887 Reviews",22% off
"Infinix Note 40 Pro 5G (Vintage Green, 256 GB)","?21,999",4.1,"10,993 Ratings & 861 Reviews",21% off
"realme NARZO N63 (Leather Blue, 64 GB)","?7,977",4.4,577 Ratings & 19 Reviews,20% off
"itel Aura 05i|Leather Finish|4000 Mah Battery|Type C Charging Support (Crystal Blue, 32 GB)","?5,599",4,947 Ratings & 21 Reviews,17% off
"OnePlus Nord CE4 (Celadon Marble, 128 GB)","?24,731",4.5,"12,845 Ratings & 703 Reviews",1% off
"Tecno Spark 20C (Magic Skin Green, 128 GB)","?8,299",4.2,369 Ratings & 12 Reviews,20% off
"vivo V40 5G (Lotus Purple, 256 GB)","?36,999",4.5,"2,310 Ratings & 233 Reviews",13% off
"REDMI Note 13 5G (Chromatic Purple, 256 GB)","?18,999",4.2,"7,084 Ratings & 409 Reviews",17% off
"OnePlus Nord CE4 (Dark Chrome, 128 GB)","?23,845",4.5,"12,845 Ratings & 703 Reviews",4% off
"Tecno Spark 20C (Gravity Black, 128 GB)","?8,299",4.2,369 Ratings & 12 Reviews,20% off
"POCO X6 Neo 5G (Horizon Blue, 128 GB)","?13,999",4.2,"11,349 Ratings & 946 Reviews",30% off
"Apple iPhone 14 Plus (Yellow, 512 GB)","?72,999",4.6,"80,915 Ratings & 4,518 Reviews",26% off
"realme NARZO 70X 5G (FOREST GREEN, 128 GB)","?12,303",4.1,239 Ratings & 9 Reviews,27% off
"vivo T3 Ultra (Frost Green, 128 GB)","?31,999",,,11% off
"SAMSUNG Galaxy A54 5G (Awesome Graphite, 128 GB)","?25,816",4.3,"3,447 Ratings & 320 Reviews",38% off
"REDMI 12 (Pastel Blue, 128 GB)","?9,499",4.3,"1,05,398 Ratings & 5,560 Reviews",36% off
"REDMI 13c 5G (Startrail Green, 256 GB)","?13,190",4.2,"5,181 Ratings & 266 Reviews",26% off
"vivo V40 5G (Lotus Purple, 512 GB)","?41,999",4.5,278 Ratings & 29 Reviews,14% off
"IQOO Z9x (Tornado Green, 128 GB)","?13,079",4.2,597 Ratings & 22 Reviews,27% off
"POCO X6 Pro 5G (Spectre Black, 512 GB)","?25,999",4.3,"10,202 Ratings & 1,257 Reviews",21% off
"realme NARZO N63 (Leather Blue, 64 GB)","?7,977",4.4,577 Ratings & 19 Reviews,20% off
"SAMSUNG Galaxy A35 5G (Awesome Iceblue, 128 GB)","?30,999",4.3,955 Ratings & 68 Reviews,8% off
"vivo V40 5G (Lotus Purple, 256 GB)","?36,999",4.5,"2,310 Ratings & 233 Reviews",13% off
"POCO M6 Pro 5G (Power Black, 64 GB)","?8,999",4.3,"80,570 Ratings & 5,235 Reviews",40% off
"vivo V40 5G (Lotus Purple, 128 GB)","?34,999",4.5,"2,310 Ratings & 233 Reviews",12% off
"realme 12 Pro+ 5G (Navigator Beige, 256 GB)","?26,999",4.4,"6,534 Ratings & 707 Reviews",28% off
"realme 12 Pro+ 5G (Submarine Blue, 256 GB)","?26,999",4.4,"6,534 Ratings & 707 Reviews",28% off
"SAMSUNG Galaxy A05 (Light Green, 64 GB)","?8,389",4.4,70 Ratings & 4 Reviews,32% off
"realme 13 Pro+ 5G (Monet Gold, 256 GB)","?34,999",4.4,"1,281 Ratings & 126 Reviews",10% off
"SAMSUNG Galaxy F15 5G (Groovy Violet, 128 GB)","?14,499",4.2,"23,437 Ratings & 1,930 Reviews",14% off
"realme 12 Pro+ 5G (Explorer Red, 256 GB)","?27,999",4.4,"19,553 Ratings & 2,452 Reviews",22% off
"realme 12 Pro+ 5G (Submarine Blue, 256 GB)","?27,999",4.4,"19,553 Ratings & 2,452 Reviews",22% off
"realme 12 Pro+ 5G (Navigator Beige, 256 GB)","?27,999",4.4,"19,553 Ratings & 2,452 Reviews",22% off
"POCO X6 Neo 5G (Martian Orange, 128 GB)","?13,999",4.2,"11,349 Ratings & 946 Reviews",30% off
"POCO X6 Neo 5G (Horizon Blue, 256 GB)","?14,999",4.1,"9,189 Ratings & 608 Reviews",31% off
"realme 12 Pro+ 5G (Navigator Beige, 256 GB)","?27,999",4.4,"19,553 Ratings & 2,452 Reviews",22% off
"Infinix Note 40X 5G (Palm Blue, 256 GB)","?14,999",4.2,795 Ratings & 45 Reviews,25% off
"POCO X6 Neo 5G (Martian Orange, 128 GB)","?13,999",4.2,"11,349 Ratings & 946 Reviews",30% off
"POCO X6 Neo 5G (Horizon Blue, 256 GB)","?14,999",4.1,"9,189 Ratings & 608 Reviews",31% off
"vivo T3 Ultra (Lunar Gray, 256 GB)","?35,999",,,10% off
"SAMSUNG Galaxy S23 5G (Phantom Black, 128 GB)","?55,999",4.5,"14,992 Ratings & 1,379 Reviews",37% off
"IQOO Z9X (Tornado Green, 128 GB)","?16,650",4.3,710 Ratings & 19 Reviews,27% off
"realme 12 Pro+ 5G (Submarine Blue, 128 GB)","?29,999",4.4,"19,553 Ratings & 2,452 Reviews",14% off
"OnePlus Nord 4 5G (Obsidian Midnight, 256 GB)","?32,998",4.5,105 Ratings & 5 Reviews,No discount
"OnePlus Nord 4 5G (Mercurial Silver, 256 GB)","?32,900",4.5,105 Ratings & 5 Reviews,No discount
"REDMI A3X (Olive Green, 64 GB)","?6,999",4.2,443 Ratings & 14 Reviews,30% off
"REDMI A3X (Midnight Black, 64 GB)","?6,999",4.2,443 Ratings & 14 Reviews,30% off
"REDMI A3X (Ocean Green, 64 GB)","?6,999",4.2,443 Ratings & 14 Reviews,30% off
"realme 12 Pro+ 5G (Navigator Beige, 128 GB)","?29,999",4.4,"19,553 Ratings & 2,452 Reviews",14% off
"realme 12 Pro+ 5G (Explorer Red, 128 GB)","?29,999",4.4,"19,553 Ratings & 2,452 Reviews",14% off
"OnePlus Nord 4 5G (Oasis Green, 256 GB)","?32,496",4.5,105 Ratings & 5 Reviews,1% off
"Google Pixel 9 (Porcelain, 256 GB)","?79,999",4.7,380 Ratings & 46 Reviews,No discount
"REDMI Note 13 Pro 5G (Coral Purple, 256 GB)","?24,679",4.3,"3,542 Ratings & 285 Reviews",25% off
"SAMSUNG Galaxy S23 5G (Cream, 128 GB)","?55,999",4.5,"14,992 Ratings & 1,379 Reviews",37% off
"realme C65 5G (Glowing Black, 128 GB)","?11,379",4.1,"2,521 Ratings & 116 Reviews",24% off
"Apple iPhone 13 (Starlight, 512 GB)","?79,900",4.6,"2,84,249 Ratings & 13,715 Reviews",No discount
"POCO M6 5G (Orion Blue, 64 GB)","?8,499",4.1,"47,436 Ratings & 2,565 Reviews",29% off
"POCO C50 (Royal Blue, 32 GB)","?5,299",4.2,"72,598 Ratings & 3,421 Reviews",41% off
"REDMI 13C 5G (Starlight Black, 128 GB)","?10,499",4.3,"19,927 Ratings & 722 Reviews",25% off
"vivo T3 Ultra (Frost Green, 128 GB)","?31,999",,,11% off
"REDMI A3X (Midnight Black, 64 GB)","?6,999",4.2,443 Ratings & 14 Reviews,30% off
"REDMI A3X (Olive Green, 64 GB)","?6,999",4.2,443 Ratings & 14 Reviews,30% off
"REDMI A3X (Ocean Green, 64 GB)","?6,999",4.2,443 Ratings & 14 Reviews,30% off
"realme 13 Pro+ 5G (Emerald Green, 512 GB)","?36,999",4.4,"1,281 Ratings & 126 Reviews",9% off
"itel P 55 5G (Mint Green, 128 GB)","?9,859",4.3,60 Ratings & 0 Reviews,26% off
"vivo Y18 (Space Black, 128 GB)","?9,499",4,663 Ratings & 23 Reviews,32% off
"realme C65 5G (Glowing Black, 64 GB)","?10,499",4.1,"2,521 Ratings & 116 Reviews",25% off
"realme C65 5G (Speedy Red, 128 GB)","?11,496",4.1,"2,521 Ratings & 116 Reviews",23% off
"realme 13 Pro+ 5G (Monet Gold, 256 GB)","?32,999",4.4,"2,099 Ratings & 226 Reviews",10% off
"REDMI Note 13 Pro 5G (Midnight Black, 256 GB)","?22,722",4.3,"19,318 Ratings & 1,658 Reviews",26% off
"OnePlus 11 5G (Titan Black, 128 GB)","?35,416",4.3,853 Ratings & 81 Reviews,37% off
"vivo Y18 (Gem Green, 64 GB)","?8,499",4,663 Ratings & 23 Reviews,34% off
"vivo Y18 (Space Black, 64 GB)","?8,499",4,663 Ratings & 23 Reviews,34% off
"OnePlus Nord 4 5G (Mercurial Silver, 256 GB)","?35,202",4.3,35 Ratings & 1 Reviews,2% off
"realme C65 5G (Feather Green, 64 GB)","?10,499",4.1,"2,521 Ratings & 116 Reviews",25% off
"OPPO A3 5G (Ocean Blue, 128 GB)","?19,998",4.1,32 Ratings & 3 Reviews,No discount
"OnePlus Nord CE3 5G (Grey Shimmer, 128 GB)","?18,667",4.4,"10,303 Ratings & 834 Reviews",30% off
"Infinix Note 40X 5G (Palm Blue, 256 GB)","?14,999",4.2,795 Ratings & 45 Reviews,25% off
"SAMSUNG Galaxy A35 5G (Awesome Lilac, 256 GB)","?33,999",4.3,955 Ratings & 68 Reviews,8% off
"POCO X6 Pro 5G (Racing Grey, 512 GB)","?25,999",4.3,"10,202 Ratings & 1,257 Reviews",21% off
"realme C65 5G (Feather Green, 128 GB)","?12,468",4.4,"7,694 Ratings & 268 Reviews",22% off
"itel Aura 05i|Leather Finish|4000 Mah Battery|Type C Charging Support (Meadow Green, 32 GB)","?5,599",4,947 Ratings & 21 Reviews,17% off
"itel Aura 05i|Leather Finish|4000 Mah Battery|Type C Charging Support (Nebula Black, 32 GB)","?5,598",4,947 Ratings & 21 Reviews,17% off
"vivo T3 Ultra (Lunar Gray, 256 GB)","?35,999",,,10% off
"REDMI Note 13 Pro 5G (Midnight Black, 128 GB)","?21,280",4.3,"19,318 Ratings & 1,658 Reviews",26% off
"Apple iPhone 13 (Blue, 512 GB)","?79,900",4.6,"2,84,249 Ratings & 13,715 Reviews",No discount
"LAVA O2 (Imperial Green, 128 GB)","?7,999",4,196 Ratings & 9 Reviews,20% off
"REDMI A3 (Olive Green, 128 GB)","?7,490",4.1,"1,298 Ratings & 50 Reviews",31% off
"POCO M6 Plus 5G (Misty Lavender, 128 GB)","?12,999",4.2,"3,300 Ratings & 194 Reviews",18% off
"Infinix Note 40 5G (Obsidian Black, 256 GB)","?17,999",4.1,"1,899 Ratings & 194 Reviews",28% off
"OnePlus Nord CE3 5G (Grey Shimmer, 128 GB)","?18,667",4.4,"10,303 Ratings & 834 Reviews",30% off
"Apple iPhone 14 (Red, 512 GB)","?69,999",4.6,"3,02,384 Ratings & 11,640 Reviews",22% off
"SAMSUNG Galaxy S23 5G (Lavender, 256 GB)","?60,999",4.5,"14,992 Ratings & 1,379 Reviews",36% off
"itel P 55 5G (Mint Green, 128 GB)","?9,859",4.3,60 Ratings & 0 Reviews,26% off
"realme 13 Pro 5G (Monet Gold, 256 GB)","?28,999",4.4,"2,062 Ratings & 142 Reviews",6% off
"realme GT 6 (Fluid Silver, 256 GB)","?40,999",4.5,876 Ratings & 103 Reviews,6% off
"realme GT 6 (Razor Green, 256 GB)","?40,999",4.5,876 Ratings & 103 Reviews,6% off
"POCO M6 5G (Orion Blue, 128 GB)","?8,999",4.1,"47,436 Ratings & 2,565 Reviews",30% off
"POCO M6 Plus 5G (Graphite Black, 128 GB)","?12,999",4.2,"3,300 Ratings & 194 Reviews",18% off
"Infinix Note 40 Pro 5G (Racing Grey, 256 GB)","?21,999",4.1,"10,993 Ratings & 861 Reviews",21% off
"OnePlus Nord CE3 5G (Aqua Surge, 256 GB)","?26,989",4.4,"3,931 Ratings & 305 Reviews",6% off
"realme NARZO 70X 5G (ICE BLUE, 128 GB)","?12,469",4.2,"2,073 Ratings & 85 Reviews",30% off
"realme C65 5G (Glowing Black, 128 GB)","?11,379",4.1,"2,521 Ratings & 116 Reviews",24% off
"POCO X6 5G (Mirror Black, 256 GB)","?18,999",4.2,"14,335 Ratings & 1,662 Reviews",24% off
"REDMI 13c 5G (Startrail Green, 256 GB)","?13,190",4.2,"5,181 Ratings & 266 Reviews",26% off
"Apple iPhone 12 (Black, 256 GB)","?53,999",4.6,"2,11,056 Ratings & 13,913 Reviews",16% off
"realme 13 Pro+ 5G (Monet Gold, 512 GB)","?36,999",4.4,"1,281 Ratings & 126 Reviews",9% off
"Motorola G34 5G (Ocean Green, 128 GB)","?10,999",4.2,"44,191 Ratings & 3,317 Reviews",21% off
"OnePlus 11 5G (Titan Black, 256 GB)","?45,000",4.5,"1,638 Ratings & 144 Reviews",27% off
"vivo T3 Ultra (Lunar Gray, 256 GB)","?35,999",,,10% off
"REDMI 13C (Stardust Black, 128 GB)","?8,499",4.2,"44,411 Ratings & 1,884 Reviews",29% off
"Motorola Edge 50 Fusion (Hot Pink, 128 GB)","?22,999",4.5,"42,168 Ratings & 2,826 Reviews",11% off
"POCO X6 Pro 5G (Racing Grey, 256 GB)","?23,999",4.3,"11,210 Ratings & 1,387 Reviews",22% off
"REDMI Note 13 Pro 5G (Coral Purple, 256 GB)","?27,999",4.3,"3,542 Ratings & 285 Reviews",15% off
"realme C55 (Rainy Night, 128 GB)","?13,999",4.4,"32,500 Ratings & 1,797 Reviews",12% off
"realme 13 Pro+ 5G (Emerald Green, 256 GB)","?32,999",4.4,"2,099 Ratings & 226 Reviews",10% off
"Apple iPhone 13 (Midnight, 128 GB)","?49,900",4.6,"2,84,249 Ratings & 13,715 Reviews",No discount
"realme NARZO 70 5G (FOREST GREEN, 128 GB)","?14,999",4.3,712 Ratings & 36 Reviews,28% off
"SAMSUNG Galaxy F41 (Fusion Black, 64 GB)","?15,999",4.3,"3,94,641 Ratings & 41,868 Reviews",20% off
"IQOO Z9 5G (Graphene Blue, 256 GB)","?20,437",4.4,"2,389 Ratings & 126 Reviews",24% off
"realme C65 5G (Speedy Red, 128 GB)","?12,499",4.4,"7,694 Ratings & 268 Reviews",21% off
"REDMI 13C (Starshine Green, 128 GB)","?9,200",4.2,"44,411 Ratings & 1,884 Reviews",23% off
"realme C55 (Sunshower, 128 GB)","?10,499",4.4,"32,500 Ratings & 1,797 Reviews",34% off
"Apple iPhone 15 Pro (Blue Titanium, 256 GB)","?1,19,900",4.6,893 Ratings & 70 Reviews,No discount
"realme C65 5G (Glowing Black, 64 GB)","?10,499",4.1,"2,521 Ratings & 116 Reviews",25% off
"OnePlus 11 5G (Titan Black, 128 GB)","?35,416",4.3,853 Ratings & 81 Reviews,37% off
"realme GT 6 (Fluid Silver, 256 GB)","?42,999",4.4,373 Ratings & 34 Reviews,8% off
"realme C55 (Sunshower, 64 GB)","?8,499",4.4,"1,11,481 Ratings & 6,287 Reviews",34% off
"realme C65 5G (Speedy Red, 128 GB)","?11,496",4.1,"2,521 Ratings & 116 Reviews",23% off
"IQOO Z9X (Tornado Green, 128 GB)","?16,650",4.3,710 Ratings & 19 Reviews,27% off
"SAMSUNG Galaxy F15 5G (Jazzy Green, 128 GB)","?15,999",4.2,"3,191 Ratings & 155 Reviews",11% off
"realme GT 6T 5G (Fluid Silver, 512 GB)","?38,551",4.5,329 Ratings & 32 Reviews,8% off
"realme GT 6T 5G (Razor Green, 256 GB)","?32,475",4.5,329 Ratings & 32 Reviews,14% off
"vivo T3 Ultra (Lunar Gray, 256 GB)","?35,999",,,10% off
"realme GT 6T 5G (Fluid Silver, 256 GB)","?32,903",4.5,329 Ratings & 32 Reviews,13% off
"realme GT 6T 5G (Miracle Purple, 256 GB)","?32,714",4.5,329 Ratings & 32 Reviews,13% off
"realme C65 5G (Feather Green, 64 GB)","?10,499",4.1,"2,521 Ratings & 116 Reviews",25% off
"realme 13 Pro 5G (Monet Purple, 512 GB)","?31,999",4.3,173 Ratings & 17 Reviews,8% off
"realme 13 Pro 5G (Monet Gold, 512 GB)","?31,999",4.3,173 Ratings & 17 Reviews,8% off
"realme 13 Pro 5G (Monet Purple, 128 GB)","?26,999",4.4,"2,062 Ratings & 142 Reviews",6% off
"realme C55 (Rainforest, 64 GB)","?10,999",4.4,"1,11,481 Ratings & 6,287 Reviews",15% off
"realme C55 (Rainy Night, 64 GB)","?10,999",4.4,"1,11,481 Ratings & 6,287 Reviews",15% off
"POCO X6 Pro 5G (Yellow, 256 GB)","?23,999",4.3,"11,210 Ratings & 1,387 Reviews",22% off
"realme C55 (Rainy Night, 64 GB)","?8,999",4.3,"19,449 Ratings & 1,206 Reviews",35% off
"Nothing Phone (2a) Plus (Black, 256 GB)","?27,999",4.4,588 Ratings & 50 Reviews,6% off
"Nothing Phone (2a) Plus (Grey, 256 GB)","?27,999",4.4,588 Ratings & 50 Reviews,6% off
"SAMSUNG Galaxy A35 5G (Awesome Lilac, 128 GB)","?30,999",4.3,955 Ratings & 68 Reviews,8% off
"IQOO Z9 Lite 5G (Aqua Flow, 128 GB)","?12,160",4.2,417 Ratings & 11 Reviews,21% off
"Tecno Spark Go 2024 (Mystery White, 128 GB)","?7,599",4.3,993 Ratings & 44 Reviews,10% off
"Tecno Spark Go 2024 (Gravity Black, 128 GB)","?7,599",4.3,993 Ratings & 44 Reviews,10% off
"IQOO Z9 Lite 5G (Mocha Brown, 128 GB)","?11,150",4.2,357 Ratings & 17 Reviews,23% off
"Nothing Phone (2a) Plus (Grey, 256 GB)","?29,999",4.3,382 Ratings & 25 Reviews,6% off
"Tecno Spark Go 2024 (Magic Skin Green, 128 GB)","?7,399",4.3,993 Ratings & 44 Reviews,12% off
"realme C65 5G (Feather Green, 128 GB)","?12,468",4.4,"7,694 Ratings & 268 Reviews",22% off
"OnePlus 11 5G (Eternal Green, 256 GB)","?43,879",4.5,"1,638 Ratings & 144 Reviews",29% off
"Infinix Zero 30 5G (Golden Hour, 256 GB)","?23,999",4.2,"3,865 Ratings & 540 Reviews",14% off
"realme 13 Pro 5G (Monet Purple, 512 GB)","?31,999",4.3,173 Ratings & 17 Reviews,8% off
"realme 13 Pro 5G (Monet Gold, 512 GB)","?31,999",4.3,173 Ratings & 17 Reviews,8% off
"SAMSUNG Galaxy S23 5G (Lavender, 128 GB)","?55,999",4.5,"14,992 Ratings & 1,379 Reviews",37% off
"vivo T3 Ultra (Lunar Gray, 256 GB)","?35,999",,,10% off
"vivo Y18i (Gem Green, 64 GB)","?8,198",3.6,136 Ratings & 6 Reviews,31% off
"Apple iPhone 15 (Green, 256 GB)","?79,900",4.6,"50,248 Ratings & 2,655 Reviews",No discount
"Nothing Phone (2a) Plus (Black, 256 GB)","?27,999",4.4,588 Ratings & 50 Reviews,6% off
"Nothing Phone (2a) Plus (Grey, 256 GB)","?27,999",4.4,588 Ratings & 50 Reviews,6% off
"realme Narzo N65 5G (Deep Green, 128 GB)","?12,021",4.3,"1,136 Ratings & 31 Reviews",19% off
"vivo Y18i (Space Black, 64 GB)","?8,289",3.6,136 Ratings & 6 Reviews,30% off
"realme NARZO N65 5G (DEEP GREEN, 128 GB)","?12,295",4.3,"1,136 Ratings & 31 Reviews",18% off
"OPPO Reno 12 Pro 5G (Space Brown, 512 GB)","?40,999",4.4,"1,407 Ratings & 97 Reviews",26% off
"Apple iPhone 14 Plus ((PRODUCT)RED, 512 GB)","?72,999",4.6,"80,915 Ratings & 4,518 Reviews",26% off
"POCO F6 5G (Black, 256 GB)","?27,999",4.2,"2,696 Ratings & 277 Reviews",17% off
"OnePlus 12R (Sunset Dune, 256 GB)","?45,999",4.5,"2,766 Ratings & 169 Reviews",No discount
"realme Narzo N65 5G (Deep Green, 128 GB)","?11,196",4.3,328 Ratings & 16 Reviews,20% off
"Apple iPhone 14 Plus (Purple, 512 GB)","?72,999",4.6,"80,915 Ratings & 4,518 Reviews",26% off
"OnePlus Nord CE4 lite 5G (MEGA BLUE, 256 GB)","?22,389",4.3,"2,551 Ratings & 85 Reviews",6% off
"REDMI Note 13 Pro 5G (Arctic White, 128 GB)","?20,960",4.3,"19,318 Ratings & 1,658 Reviews",27% off
"realme GT 6T 5G (Fluid Silver, 256 GB)","?29,879",4.5,969 Ratings & 55 Reviews,17% off
"realme NARZO N65 5G (AMBER GOLD, 128 GB)","?11,299",4.3,328 Ratings & 16 Reviews,19% off
"Samsung Galaxy S21 FE 5G with Snapdragon 888 (Lavender, 256 GB)","?27,584",4.3,"1,46,482 Ratings & 13,899 Reviews",57% off
"REDMI Note 13 Pro 5G (Coral Purple, 256 GB)","?27,999",4.3,"3,542 Ratings & 285 Reviews",15% off
"vivo T3 Ultra (Frost Green, 128 GB)","?31,999",,,11% off
"POCO M6 5G (Polaris Green, 64 GB)","?8,499",4.1,"47,436 Ratings & 2,565 Reviews",29% off
"Tecno Spark Go 2024 (Magic Skin Green, 128 GB)","?7,399",4.3,993 Ratings & 44 Reviews,12% off
"OnePlus N20 SE (JADE WAVE, 128 GB)","?10,749",4,"1,335 Ratings & 50 Reviews",46% off
"realme GT 6T 5G (Razor Green, 256 GB)","?29,800",4.5,969 Ratings & 55 Reviews,17% off
"OnePlus 11R 5G (Galactic Silver, 128 GB)","?30,535",4.5,"8,616 Ratings & 637 Reviews",23% off
"realme Narzo N65 5G (Amber Gold, 128 GB)","?12,380",4.3,"1,136 Ratings & 31 Reviews",17% off
"OnePlus Nord CE4 lite 5G (SUPER SILVER, 128 GB)","?20,427",4.3,"2,522 Ratings & 81 Reviews",2% off
"OnePlus Nord CE4 lite 5G (ULTRA ORANGE, 128 GB)","?20,260",4.3,"2,522 Ratings & 81 Reviews",3% off
"OnePlus Nord CE4 lite 5G (MEGA BLUE, 128 GB)","?20,228",4.3,"2,522 Ratings & 81 Reviews",3% off
"OnePlus 11R 5G (Galactic Silver, 256 GB)","?43,500",4.5,"13,292 Ratings & 885 Reviews",3% off
"realme GT 6T 5G (Fluid Silver, 128 GB)","?28,845",4.5,969 Ratings & 55 Reviews,15% off
"Infinix Zero 30 5G (Fantasy Purple, 256 GB)","?23,999",4.2,"3,865 Ratings & 540 Reviews",14% off
"REDMI A3 (Midnight Black, 64 GB)","?7,490",4.1,"2,532 Ratings & 103 Reviews",25% off
"Tecno Spark Go 2024 (Magic Skin Green, 64 GB)","?7,199",4.3,993 Ratings & 44 Reviews,10% off
"Tecno Spark Go 2024 (Gravity Black, 64 GB)","?7,199",4.3,993 Ratings & 44 Reviews,10% off
"Tecno Spark Go 2024 (Mystery White, 64 GB)","?7,199",4.3,993 Ratings & 44 Reviews,10% off
"realme NARZO 70 5G (FOREST GREEN, 128 GB)","?14,999",4.3,712 Ratings & 36 Reviews,28% off
"Infinix Note 40 Pro+ 5G (Obsidian Black, 256 GB)","?24,999",4.1,"1,469 Ratings & 112 Reviews",24% off
"Infinix Note 40 Pro+ 5G (Racing Grey, 256 GB)","?24,999",4.1,"1,469 Ratings & 112 Reviews",24% off
"Apple iPhone 13 (Starlight, 128 GB)","?49,900",4.6,"2,84,249 Ratings & 13,715 Reviews",No discount
"vivo V30e (Silk Blue, 128 GB)","?25,999",4.4,"3,580 Ratings & 265 Reviews",21% off
"vivo V30e (Velvet Red, 128 GB)","?25,999",4.4,"3,580 Ratings & 265 Reviews",21% off
"SAMSUNG Galaxy F15 5G (Groovy Violet, 128 GB)","?12,999",4.2,"9,600 Ratings & 812 Reviews",18% off
"vivo T3 Ultra (Frost Green, 128 GB)","?31,999",,,11% off
"realme 13 Pro+ 5G (Emerald Green, 256 GB)","?34,999",4.4,"1,281 Ratings & 126 Reviews",10% off
"OnePlus Nord 3 5G (Tempest Gray, 256 GB)","?36,988",4.4,"1,558 Ratings & 136 Reviews",2% off
"Apple iPhone 15 (Blue, 512 GB)","?89,999",4.6,"50,248 Ratings & 2,655 Reviews",9% off
"POCO M6 5G (Galactic Black, 64 GB)","?8,499",4.1,"47,436 Ratings & 2,565 Reviews",29% off
"Google Pixel 9 Pro XL (Obsidian, 256 GB)","?1,24,999",4.6,193 Ratings & 15 Reviews,No discount
"POCO M6 Plus 5G (Ice Silver, 128 GB)","?12,999",4.2,"3,300 Ratings & 194 Reviews",18% off
"realme 13 Pro 5G (Monet Gold, 128 GB)","?26,999",4.4,"2,062 Ratings & 142 Reviews",6% off
"OnePlus Nord 3 5G (Misty Green, 256 GB)","?37,630",4.4,"1,558 Ratings & 136 Reviews",No discount
"OnePlus 11R 5G (Red, Solar Red, 128 GB)","?30,525",4.5,"8,616 Ratings & 637 Reviews",23% off
"OnePlus 11 5G (Titan Black, 256 GB)","?45,000",4.5,"1,638 Ratings & 144 Reviews",27% off
"Motorola G34 5G (Ice Blue, 128 GB)","?10,999",4.2,"44,191 Ratings & 3,317 Reviews",21% off
"itel P55 (MOONLIT BLACK, 128 GB)","?8,890",4.2,14 Ratings & 0 Reviews,No discount
"LAVA Yuva 3 with Dual Sim|5000 mAh Battery|13MP Rear Camera |Expandable Upto 512 GB (Cosmic Lavender, ...","?7,299",4.1,235 Ratings & 14 Reviews,8% off
"vivo V30e (Silk Blue, 256 GB)","?28,497",4.4,"3,580 Ratings & 265 Reviews",18% off
"SAMSUNG Galaxy F15 5G (Jazzy Green, 128 GB)","?14,499",4.2,"23,437 Ratings & 1,930 Reviews",14% off
"realme Narzo 70 Pro 5G (Gold, Glass Gold, 128 GB)","?17,280",4.3,"3,843 Ratings & 245 Reviews",30% off
"POCO C65 (Pastel Green, 128 GB)","?7,499",4.2,"20,414 Ratings & 963 Reviews",37% off
"Google Pixel 9 Pro XL (Obsidian, 512 GB)","?1,39,999",4.6,193 Ratings & 15 Reviews,No discount
"Google Pixel 8a (Porcelain, 128 GB)","?49,999",4.1,"1,072 Ratings & 124 Reviews",5% off
"itel P55 (Brilliant Gold, 128 GB)","?7,499",4.1,147 Ratings & 6 Reviews,25% off
"LAVA Yuva 3 with Dual Sim|5000 mAh Battery|13MP Rear Camera |Expandable Upto 512 GB (Galaxy White, 64 ...","?7,497",4.1,235 Ratings & 14 Reviews,6% off
"Tecno Spark Go 2024 (Gravity Black, 64 GB)","?6,899",4.3,460 Ratings & 12 Reviews,8% off
"Tecno Spark Go 2024 (Mystery White, 64 GB)","?6,899",4.3,460 Ratings & 12 Reviews,8% off
"SAMSUNG Galaxy M14 4G (Arctic Blue, 128 GB)","?11,499",4,4 Ratings & 0 Reviews,32% off
"Apple iPhone 15 (Pink, 256 GB)","?79,900",4.6,"50,248 Ratings & 2,655 Reviews",No discount
"vivo T3 Ultra (Frost Green, 128 GB)","?31,999",,,11% off
"vivo Y18i (Gem Green, 64 GB)","?8,198",3.6,132 Ratings & 5 Reviews,31% off
"OnePlus Nord 3 5G (Misty Green, 128 GB)","?22,383",4.3,"12,918 Ratings & 1,055 Reviews",34% off
"vivo Y18i (Space Black, 64 GB)","?8,289",3.6,132 Ratings & 5 Reviews,30% off
"Motorola e22s (Eco Black, 64 GB)","?8,999",4,699 Ratings & 40 Reviews,18% off
"Apple iPhone 13 (Green, 512 GB)","?79,900",4.6,"2,84,249 Ratings & 13,715 Reviews",No discount
"Infinix Zero 30 5G (Rome Green, 256 GB)","?24,999",4.2,"12,719 Ratings & 1,780 Reviews",16% off
"vivo V30e (Velvet Red, 256 GB)","?27,999",4.4,"3,580 Ratings & 265 Reviews",20% off
"OnePlus 12R (Iron Gray, 128 GB)","?35,340",4.5,"5,297 Ratings & 351 Reviews",11% off
"REDMI A3X (Starry White, 64 GB)","?6,999",4.2,443 Ratings & 14 Reviews,30% off
"vivo T2x 5G (Marine Blue, 128 GB)","?13,999",4.4,"4,35,153 Ratings & 23,457 Reviews",26% off
"OnePlus 12R (Cool Blue, 128 GB)","?34,999",4.5,"5,297 Ratings & 351 Reviews",12% off
"vivo T2x 5G (Aurora Gold, 128 GB)","?13,990",4.4,"4,35,153 Ratings & 23,457 Reviews",26% off
"REDMI Note 13 Pro 5G (Coral Purple, 128 GB)","?21,989",4.3,"19,318 Ratings & 1,658 Reviews",24% off
"IQOO Z9s 5G (Onyx Green, 128 GB)","?21,330",4.6,27 Ratings & 0 Reviews,17% off
"SAMSUNG Galaxy A15 5G (Light Blue, 128 GB)","?15,870",4.3,245 Ratings & 14 Reviews,20% off
"OnePlus Nord 3 5G (Tempest Gray, 128 GB)","?29,990",4.3,"12,918 Ratings & 1,055 Reviews",11% off
"vivo T2x 5G (Aurora Gold, 128 GB)","?17,990",4.3,"74,783 Ratings & 4,312 Reviews",14% off
"vivo T2x 5G (Sunstone Orange, 128 GB)","?12,750",4.4,"1,82,035 Ratings & 9,310 Reviews",29% off
"vivo T2x 5G (Sunstone Orange, 128 GB)","?14,990",4.4,"4,35,153 Ratings & 23,457 Reviews",21% off
"SAMSUNG Galaxy A15 5G (Light Blue, 256 GB)","?22,490",4.2,"1,581 Ratings & 114 Reviews",8% off
"OnePlus 11 5G (Eternal Green, 256 GB)","?43,879",4.5,"1,638 Ratings & 144 Reviews",29% off
"Google Pixel 7 Pro (Obsidian, 128 GB)","?44,999",4.3,"6,512 Ratings & 826 Reviews",47% off
"REDMI 12 5G (Jade Black, 128 GB)","?11,999",4.3,"11,384 Ratings & 519 Reviews",25% off
"Apple iPhone 14 Plus (Starlight, 128 GB)","?58,999",4.6,"80,915 Ratings & 4,518 Reviews",15% off
"REDMI Note 13 5G (Chromatic Purple, 256 GB)","?19,890",4.1,"2,957 Ratings & 181 Reviews",26% off
"REDMI 12 5G (Pastel Blue, 128 GB)","?13,990",4.2,"53,035 Ratings & 2,435 Reviews",22% off
"LAVA Blaze Pro 5G with Dual Sim|50MP Rear Camera|5000 mAh Battery|Expandable Upto 1TB (Radiant Pearl, ...","?11,968",4.2,624 Ratings & 79 Reviews,20% off
"REDMI Note 13 5G (Stealth Black, 256 GB)","?17,999",4.1,"2,957 Ratings & 181 Reviews",28% off
"vivo T2x 5G (Marine Blue, 128 GB)","?13,700",4.4,"1,82,035 Ratings & 9,310 Reviews",23% off
"REDMI Note 13 5G (Stealth Black, 128 GB)","?15,389",4.2,"14,332 Ratings & 865 Reviews",26% off
"SAMSUNG Galaxy A35 5G (Awesome Navy, 128 GB)","?30,999",4.3,955 Ratings & 68 Reviews,8% off
"POCO C65 (Pastel Green, 256 GB)","?10,999",4.2,"10,912 Ratings & 594 Reviews",18% off
"OnePlus Nord CE4 lite 5G (ULTRA ORANGE, 256 GB)","?22,999",4.3,"2,551 Ratings & 85 Reviews",4% off
"OnePlus 11 5G (Eternal Green, 128 GB)","?38,800",4.3,853 Ratings & 81 Reviews,31% off
"POCO X6 Pro 5G (Spectre Black, 256 GB)","?23,999",4.3,"11,210 Ratings & 1,387 Reviews",22% off
"OPPO Reno 12 Pro 5G (Space Brown, 256 GB)","?36,999",4.4,"1,407 Ratings & 97 Reviews",31% off
"OPPO Reno 12 Pro 5G (Sunset Gold, 256 GB)","?36,999",4.4,"1,407 Ratings & 97 Reviews",31% off
"Motorola g45 5G (Viva Magenta, 128 GB)","?12,999",4.5,"3,459 Ratings & 155 Reviews",13% off
"Apple iPhone 12 (Black, 256 GB)","?53,999",4.6,"2,11,056 Ratings & 13,913 Reviews",16% off
"REDMI Note 13 5G (Prism Gold, 256 GB)","?17,290",4.2,"7,084 Ratings & 409 Reviews",24% off
"Tecno POVA 5 Pro 5G (Dark Illusion, 256 GB)","?15,999",4.2,"2,481 Ratings & 136 Reviews",23% off
"Nothing Phone (2a) Plus (Black, 256 GB)","?29,999",4.3,382 Ratings & 25 Reviews,6% off
"Redmi 7A (Matte Gold, 32 GB)","?6,999",4.3,"3,89,782 Ratings & 27,912 Reviews",No discount
"OnePlus 11R 5G (Sonic Black, 256 GB)","?39,989",4.5,"13,292 Ratings & 885 Reviews",11% off
"vivo T2x 5G (Black Gladiator, 128 GB)","?16,499",4.3,"74,783 Ratings & 4,312 Reviews",21% off
"OnePlus 11R 5G (Sonic Black, 256 GB)","?39,989",4.5,"13,292 Ratings & 885 Reviews",11% off
"REDMI A3 (Olive Green, 128 GB)","?8,255",4,763 Ratings & 44 Reviews,31% off
"itel A23s (Morandi Green, 32 GB)","?4,600",3.6,"1,135 Ratings & 62 Reviews",23% off
"REDMI Note 13 Pro+ 5G (Fusion Black, 256 GB)","?27,464",4.2,"6,454 Ratings & 623 Reviews",23% off
"vivo T3 Ultra (Lunar Gray, 256 GB)","?35,999",,,10% off
"REDMI Note 13 Pro+ 5G (Fusion Purple, 512 GB)","?33,499",4.2,"6,454 Ratings & 623 Reviews",11% off
"itel A23s (Coastel Gold, 32 GB)","?4,790",3.6,"1,135 Ratings & 62 Reviews",20% off
"MOTOROLA G04 (Sea Green, 64 GB)","?9,999",4.2,"14,918 Ratings & 962 Reviews",No discount
"LAVA Blaze 2 5G with Dual Sim|50MP Rear Camera|5000 mAh Battery|Expandable Upto 1 TB (Glass Blue, 128 ...","?10,298",4.2,653 Ratings & 61 Reviews,20% off
"OnePlus 11R 5G (SOLAR RED, 256 GB)","?44,999",4.5,"13,292 Ratings & 885 Reviews",No discount
"SAMSUNG Galaxy F15 5G (Ash Black, 128 GB)","?14,499",4.2,"23,437 Ratings & 1,930 Reviews",14% off
"SAMSUNG Galaxy S24 Ultra 5G (Titanium Violet, 256 GB)","?1,21,999",4.6,"1,995 Ratings & 252 Reviews",9% off
"Infinix Note 40 Pro 5G (Obsidian Black, 256 GB)","?21,999",4.1,"10,993 Ratings & 861 Reviews",21% off
"vivo T2x 5G (Marine Blue, 128 GB)","?16,990",4.3,"74,783 Ratings & 4,312 Reviews",19% off
"POCO F6 5G (Titanium, 256 GB)","?27,999",4.2,"2,696 Ratings & 277 Reviews",17% off
"Redmi 7A (Matte Gold, 32 GB)","?6,999",4.3,"3,89,782 Ratings & 27,912 Reviews",No discount
"OnePlus 11R 5G (Sonic Black, 128 GB)","?30,350",4.5,"8,616 Ratings & 637 Reviews",24% off
"OnePlus 11R 5G (Solar Red, 512 GB)","?39,900",4.5,55 Ratings & 12 Reviews,No discount
"realme C53 (Champion Black, 128 GB)","?11,999",4.4,"1,30,506 Ratings & 5,884 Reviews",14% off
"Google Pixel 7 Pro (Hazel, 128 GB)","?44,999",4.3,"6,512 Ratings & 826 Reviews",47% off
"vivo T2x 5G (Marine Blue, 128 GB)","?13,999",4.4,"4,35,153 Ratings & 23,457 Reviews",26% off
"vivo T2x 5G (Aurora Gold, 128 GB)","?13,990",4.4,"4,35,153 Ratings & 23,457 Reviews",26% off
"SAMSUNG Galaxy A55 5G (Awesome Navy, 128 GB)","?39,999",4.4,200 Ratings & 17 Reviews,6% off
"OPPO A3 Pro 5G (Moonlight Purple, 256 GB)","?19,999",4.3,750 Ratings & 34 Reviews,13% off
"vivo T3 Ultra (Lunar Gray, 256 GB)","?35,999",,,10% off
"Apple iPhone 15 Pro (White Titanium, 128 GB)","?1,09,900",4.6,893 Ratings & 70 Reviews,No discount
"SAMSUNG Galaxy M14 5G (Icy Silver, 128 GB)","?14,290",4.2,"25,324 Ratings & 1,563 Reviews",24% off
"vivo T2x 5G (Aurora Gold, 128 GB)","?17,990",4.3,"74,783 Ratings & 4,312 Reviews",14% off
"vivo T2x 5G (Sunstone Orange, 128 GB)","?12,750",4.4,"1,82,035 Ratings & 9,310 Reviews",29% off
"POCO M6 Plus 5G (Ice Silver, 128 GB)","?12,999",4.2,"3,300 Ratings & 194 Reviews",18% off
"vivo T2x 5G (Sunstone Orange, 128 GB)","?14,990",4.4,"4,35,153 Ratings & 23,457 Reviews",21% off
"itel A70 (Briiliant Gold, 256 GB)","?7,299",4.2,171 Ratings & 7 Reviews,33% off
"realme 13 Pro 5G (Emerald Green, 128 GB)","?26,999",4.4,"2,062 Ratings & 142 Reviews",6% off
"OPPO Reno 12 Pro 5G (Sunset Gold, 256 GB)","?36,999",4.4,"1,407 Ratings & 97 Reviews",31% off
"OPPO Reno 12 Pro 5G (Space Brown, 256 GB)","?36,999",4.4,"1,407 Ratings & 97 Reviews",31% off
"POCO X6 5G (Snowstorm White, 512 GB)","?21,999",4.3,"4,345 Ratings & 443 Reviews",21% off
"IQOO Z6 Lite 5G (With Charger) (Stellar Green, 128 GB)","?12,390",4.3,"8,326 Ratings & 471 Reviews",38% off
"Infinix Zero 30 5G (Fantasy Purple, 256 GB)","?23,999",4.2,"3,865 Ratings & 540 Reviews",14% off
"vivo T2x 5G (Marine Blue, 128 GB)","?13,700",4.4,"1,82,035 Ratings & 9,310 Reviews",23% off
"REDMI A3 (Lake Blue, 128 GB)","?8,285",4,763 Ratings & 44 Reviews,30% off
"realme 13 Pro+ 5G (Monet Purple, 256 GB)","?32,999",4.4,"2,099 Ratings & 226 Reviews",10% off
"SAMSUNG Galaxy S23 5G (Green, 256 GB)","?60,999",4.5,"14,992 Ratings & 1,379 Reviews",36% off
"OnePlus Nord 4 5G (Obsidian Midnight, 256 GB)","?32,998",4.5,105 Ratings & 5 Reviews,No discount
"OnePlus Nord 4 5G (Mercurial Silver, 256 GB)","?32,900",4.5,105 Ratings & 5 Reviews,No discount
"realme 13 5G (Speed Green, 128 GB)","?17,999",4.1,126 Ratings & 11 Reviews,18% off
"realme 13 5G (Dark Purple, 128 GB)","?17,999",4.1,126 Ratings & 11 Reviews,18% off
"SAMSUNG Galaxy S24+ 5G (Onyx Black, 256 GB)","?94,999",4.5,207 Ratings & 24 Reviews,5% off
"OPPO A3x 5G (Sparkle Black, 64 GB)","?12,499",4.1,374 Ratings & 16 Reviews,16% off
"vivo T3 Ultra (Lunar Gray, 256 GB)","?35,999",,,10% off
"Tecno Pova 6 Pro (Meteorite Grey, 256 GB)","?21,999",4.2,201 Ratings & 9 Reviews,12% off
"Google Pixel 9 (Peony, 256 GB)","?79,999",4.7,380 Ratings & 46 Reviews,No discount
"REDMI A3X (Olive Green, 128 GB)","?7,795",3.5,6 Ratings & 0 Reviews,29% off
"vivo T2x 5G (Black Gladiator, 128 GB)","?16,499",4.3,"74,783 Ratings & 4,312 Reviews",21% off
"realme Narzo N65 5G (Deep Green, 128 GB)","?12,021",4.3,"1,136 Ratings & 31 Reviews",19% off
"itel P55 5G (Galaxy Blue, 128 GB)","?10,399",4.1,28 Ratings & 0 Reviews,22% off
"realme NARZO N65 5G (DEEP GREEN, 128 GB)","?12,295",4.3,"1,136 Ratings & 31 Reviews",18% off
"itel P40 Plus,Upto 8GB RAM|13MP Rear Camera|7000mAh Battery with 18W Fast Charging (Force Black, 128 G...","?6,735",4.1,385 Ratings & 38 Reviews,32% off
"Tecno Pova 6 Pro (Comet Green, 256 GB)","?21,999",4.2,201 Ratings & 9 Reviews,12% off
"Google Pixel 9 Pro XL (Obsidian, 256 GB)","?1,24,999",4.6,193 Ratings & 15 Reviews,No discount
"vivo V30 5G (Andaman Blue, 256 GB)","?35,999",4.5,"1,003 Ratings & 89 Reviews",16% off
"vivo T2x 5G (Black Gladiator, 128 GB)","?12,998",4.4,"4,35,153 Ratings & 23,457 Reviews",31% off
"REDMI Note 13 Pro+ 5G (Fusion Purple, 256 GB)","?29,499",4.2,"8,274 Ratings & 887 Reviews",13% off
"OPPO Reno 12 5G (Matte Brown, 256 GB)","?32,999",4.4,240 Ratings & 9 Reviews,25% off
"SAMSUNG Galaxy A14 5G (Black, 64 GB)","?11,999",4.1,"4,462 Ratings & 277 Reviews",35% off
"realme Narzo N65 5G (Deep Green, 128 GB)","?11,196",4.3,328 Ratings & 16 Reviews,20% off
"vivo V30 5G (Classic Black, 256 GB)","?35,999",4.5,"1,003 Ratings & 89 Reviews",16% off
"itel S24 (Dawn White, 128 GB)","?9,955",4.1,16 Ratings & 2 Reviews,23% off
"LAVA Yuva 3 with Dual Sim|5000 mAh Battery|13MP Rear Camera |Expandable Upto 512 GB (Cosmic Lavender, ...","?7,299",4.1,235 Ratings & 14 Reviews,8% off
"MOTOROLA G04 (Sea Green, 128 GB)","?7,999",4.2,"6,623 Ratings & 503 Reviews",27% off
"realme NARZO N65 5G (AMBER GOLD, 128 GB)","?11,299",4.3,328 Ratings & 16 Reviews,19% off
"realme 13 5G (Speed Green, 256 GB)","?19,999",4.1,126 Ratings & 11 Reviews,13% off
"OnePlus Nord 4 5G (Mercurial Silver, 256 GB)","?35,202",4.3,35 Ratings & 1 Reviews,2% off
"SAMSUNG Galaxy A15 5G (Light Blue, 128 GB)","?17,172",4.2,"1,581 Ratings & 114 Reviews",20% off
"vivo V30 5G (Classic Black, 256 GB)","?35,999",4.5,"1,003 Ratings & 89 Reviews",16% off
"vivo T3 Ultra (Frost Green, 128 GB)","?31,999",,,11% off
"Tecno Pova 6 Pro (Meteorite Grey, 256 GB)","?21,999",4.2,201 Ratings & 9 Reviews,12% off
"Tecno Pova 5 Pro 5G (Dark Illusion, 128 GB)","?14,999",4.2,"2,481 Ratings & 136 Reviews",25% off
"realme C53 (Champion Black, 64 GB)","?9,499",4.4,"1,30,506 Ratings & 5,884 Reviews",26% off
"SAMSUNG Galaxy A14 5G (Black, 64 GB)","?11,999",4.1,"4,462 Ratings & 277 Reviews",35% off
"REDMI Note 13 5G (Chromatic Purple, 256 GB)","?18,999",4.2,"7,084 Ratings & 409 Reviews",17% off
"LAVA Blaze 2 5G with Dual Sim|50MP Rear Camera|5000 mAh Battery|Expandable Upto 1 TB (Glass Lavender, ...","?10,468",4.2,653 Ratings & 61 Reviews,19% off
"REDMI Note 13 Pro+ 5G (Fusion Purple, 512 GB)","?30,790",4.2,"6,454 Ratings & 623 Reviews",18% off
"itel A05s (Meadow Green, 64 GB)","?5,899",4.1,89 Ratings & 3 Reviews,21% off
"realme C51 (Carbon Black, 64 GB)","?8,999",4.3,"88,961 Ratings & 3,702 Reviews",18% off
"POCO F6 5G (Titanium, 512 GB)","?31,999",4.2,"2,100 Ratings & 228 Reviews",15% off
"OPPO Reno 12 5G (Sunset Peach, 256 GB)","?32,999",4.4,240 Ratings & 9 Reviews,25% off
"realme C65 5G (Glowing Black, 128 GB)","?12,489",4.4,"7,694 Ratings & 268 Reviews",21% off
"OPPO Reno 12 Pro 5G (Sunset Gold, 512 GB)","?40,999",4.4,"1,407 Ratings & 97 Reviews",26% off
"POCO X6 5G (Skyline Blue, 256 GB)","?20,999",4.3,"4,345 Ratings & 443 Reviews",22% off
"Tecno Pova 6 Pro (Comet Green, 256 GB)","?21,999",4.2,201 Ratings & 9 Reviews,12% off
"itel A05s (Nebula Black, 64 GB)","?5,993",4.1,89 Ratings & 3 Reviews,20% off
"vivo V30 5G (Classic Black, 128 GB)","?31,999",4.5,"6,359 Ratings & 552 Reviews",17% off
"itel A70 (Briiliant Gold, 256 GB)","?7,299",4.2,171 Ratings & 7 Reviews,33% off
"realme C53 (Champion Gold, 64 GB)","?10,999",4.4,"1,30,506 Ratings & 5,884 Reviews",15% off
"realme C65 5G (Feather Green, 128 GB)","?11,479",4.1,"2,521 Ratings & 116 Reviews",23% off
"OnePlus Nord CE4 lite 5G (SUPER SILVER, 256 GB)","?21,990",4.3,"2,551 Ratings & 85 Reviews",8% off
"vivo V30 5G (Andaman Blue, 256 GB)","?40,999",4.5,"6,359 Ratings & 552 Reviews",No discount
"Motorola Edge 40 Neo (Peach Fuzz, 128 GB)","?22,999",4.3,"56,099 Ratings & 5,857 Reviews",17% off
"vivo T3 Ultra (Frost Green, 128 GB)","?31,999",,,11% off
"REDMI 12 5G (Pastel Blue, 128 GB)","?12,499",4.2,"53,035 Ratings & 2,435 Reviews",30% off
"Google Pixel 9 Pro XL (Rose Quartz, 256 GB)","?1,24,999",4.6,193 Ratings & 15 Reviews,No discount
"POCO X6 5G (Snowstorm White, 512 GB)","?21,999",4.3,"4,345 Ratings & 443 Reviews",21% off
"REDMI 13 5G (Hawaiian Blue, 128 GB)","?14,188",4.2,617 Ratings & 21 Reviews,29% off
"vivo T2 5G (Velocity Wave, 128 GB)","?17,999",4.3,"19,380 Ratings & 1,318 Reviews",28% off
"vivo V40 Pro 5G (Titanium Grey, 512 GB)","?55,999",4.6,283 Ratings & 31 Reviews,8% off
"vivo Y18e (Gem Green, 64 GB)","?11,999",4.2,584 Ratings & 18 Reviews,No discount
"SAMSUNG GALAXY M13 (Aqua Green, 64 GB)","?9,890",4.2,"5,476 Ratings & 303 Reviews",34% off
"realme C53 (Champion Gold, 128 GB)","?9,999",4.4,"1,30,506 Ratings & 5,884 Reviews",28% off
"vivo V40 Pro 5G (Titanium Grey, 256 GB)","?49,999",4.5,362 Ratings & 51 Reviews,9% off
"vivo V40 Pro 5G (Ganges Blue, 256 GB)","?49,999",4.5,362 Ratings & 51 Reviews,9% off
"Apple iPhone 15 (Black, 512 GB)","?89,999",4.6,"50,248 Ratings & 2,655 Reviews",9% off
"realme C51 (Mint Green, 128 GB)","?9,499",4.3,"88,961 Ratings & 3,702 Reviews",20% off
"REDMI 12 (Moonstone Silver, 128 GB)","?9,145",4.2,"54,135 Ratings & 3,494 Reviews",42% off
"realme Narzo 60x 5G (Stellar Green, 128 GB)","?11,876",4.3,"5,885 Ratings & 302 Reviews",20% off
"REDMI A3 (Lake Blue, 128 GB)","?8,285",4,763 Ratings & 44 Reviews,30% off
"SAMSUNG Galaxy A23 5G (Light Blue, 128 GB)","?23,999",4,"1,230 Ratings & 63 Reviews",22% off
"Infinix Note 40 Pro 5G (Titan Gold, 256 GB)","?21,999",4.1,"10,993 Ratings & 861 Reviews",21% off
"itel S24 (Dawn White, 128 GB)","?9,955",4.1,16 Ratings & 2 Reviews,23% off
"vivo T2 Pro 5G (New Moon Black, 256 GB)","?23,999",4.5,"1,15,187 Ratings & 8,774 Reviews",14% off
"POCO F6 5G (Black, 256 GB)","?29,999",4.2,"2,100 Ratings & 228 Reviews",16% off
"POCO X6 5G (Skyline Blue, 256 GB)","?20,999",4.3,"4,345 Ratings & 443 Reviews",22% off
"vivo V30 5G (Peacock Green, 256 GB)","?40,999",4.5,"6,359 Ratings & 552 Reviews",No discount
"REDMI Note 13 Pro+ 5G (Fusion White, 256 GB)","?27,279",4.2,"6,454 Ratings & 623 Reviews",24% off
"OPPO Reno 12 Pro 5G (Sunset Gold, 512 GB)","?40,999",4.4,"1,407 Ratings & 97 Reviews",26% off
"vivo T3 Ultra (Lunar Gray, 256 GB)","?35,999",,,10% off
"vivo T2 Pro 5G (New Moon Black, 256 GB)","?23,999",4.5,"1,15,187 Ratings & 8,774 Reviews",14% off
"SAMSUNG Galaxy A55 5G (Awesome Iceblue, 256 GB)","?42,999",4.4,200 Ratings & 17 Reviews,6% off
"POCO F6 5G (Black, 512 GB)","?31,999",4.2,"2,100 Ratings & 228 Reviews",15% off
"realme GT NEO 3 (150W) (Nitro Blue, 256 GB)","?42,999",4.3,794 Ratings & 87 Reviews,6% off
"realme C53 (Champion Gold, 128 GB)","?9,999",4.1,"24,470 Ratings & 1,578 Reviews",16% off
"realme C55 (Rainforest, 128 GB)","?13,999",4.4,"32,500 Ratings & 1,797 Reviews",12% off
"REDMI A3X (Midnight Black, 128 GB)","?7,999",3.5,6 Ratings & 0 Reviews,27% off
"OPPO A3 Pro 5G (Starry Black, 128 GB)","?17,999",4.3,750 Ratings & 34 Reviews,14% off
"SAMSUNG Galaxy F34 5G (Electric Black, 128 GB)","?12,999",4.2,"43,789 Ratings & 3,316 Reviews",46% off
"SAMSUNG Galaxy M14 5G (ICY Silver, 128 GB)","?10,730",4.2,"6,761 Ratings & 359 Reviews",40% off
"vivo T2 Pro 5G (New Moon Black, 128 GB)","?26,990",4.5,"1,15,187 Ratings & 8,774 Reviews",No discount
"SAMSUNG Galaxy A73 5G (Awesome Gray, 128 GB)","?41,999",4.2,"1,870 Ratings & 226 Reviews",11% off
"SAMSUNG Galaxy A35 5G (Awesome Iceblue, 128 GB)","?30,999",4.3,955 Ratings & 68 Reviews,8% off
"vivo Y27 (Sea Blue, 128 GB)","?18,999",4.2,"2,478 Ratings & 108 Reviews",No discount
"OPPO Reno 12 5G (Sunset Peach, 256 GB)","?32,999",4.4,240 Ratings & 9 Reviews,25% off
"realme 13 Pro 5G (Emerald Green, 512 GB)","?31,999",4.3,173 Ratings & 17 Reviews,8% off
"Google Pixel 9 Pro XL (Rose Quartz, 256 GB)","?1,24,999",4.6,193 Ratings & 15 Reviews,No discount
"REDMI Note 13 5G (Stealth Black, 256 GB)","?19,499",4.1,"2,957 Ratings & 181 Reviews",22% off
"SAMSUNG Galaxy A35 5G (Awesome Iceblue, 256 GB)","?33,999",4.3,955 Ratings & 68 Reviews,8% off
"vivo T3 Ultra (Lunar Gray, 256 GB)","?35,999",,,10% off
"Xiaomi 14 CIVI (Cruise Blue, 512 GB)","?47,999",4.3,286 Ratings & 29 Reviews,20% off
"REDMI A3 (Midnight Black, 64 GB)","?6,884",4.1,"2,532 Ratings & 103 Reviews",31% off
"SAMSUNG Galaxy A15 5G (Blue, 128 GB)","?17,999",4.3,245 Ratings & 14 Reviews,10% off
"SAMSUNG Galaxy F55 5G (Apricot Crush, 128 GB)","?22,999",3.8,652 Ratings & 60 Reviews,20% off
"LAVA Blaze (Glass Red, 64 GB)","?8,699",3.9,"1,663 Ratings & 364 Reviews",10% off
"OPPO Reno 12 5G (Astro Silver, 256 GB)","?32,999",4.4,240 Ratings & 9 Reviews,25% off
"MOTOROLA g24 Power (Ink blue, 128 GB)","?8,999",4.2,"11,640 Ratings & 833 Reviews",30% off
"REDMI 12C (Matte Black, 64 GB)","?7,999",4.2,"26,818 Ratings & 1,448 Reviews",42% off
"OPPO A59 5G (Silk Gold, 128 GB)","?13,900",4.3,"1,052 Ratings & 52 Reviews",22% off
"POCO M6 5G (Polaris Green, 256 GB)","?13,499",4.2,"16,779 Ratings & 877 Reviews",15% off
"IQOO Z9 5G (Graphene Blue, 128 GB)","?18,360",4.4,"2,389 Ratings & 126 Reviews",26% off
"vivo Y28s 5G (Vintage Red, 128 GB)","?16,999",5,9 Ratings & 0 Reviews,22% off
"Motorola G60 (Soft Silver, 128 GB)","?14,999",4.1,"78,723 Ratings & 7,697 Reviews",31% off
"vivo Y28s 5G (Twinkling Purple, 128 GB)","?16,999",5,9 Ratings & 0 Reviews,22% off
"vivo Y58 5G (Sundarbans Green, 128 GB)","?18,499",4.4,204 Ratings & 5 Reviews,22% off
"Infinix HOT 30i (Mirror Black, 128 GB)","?9,499",4.3,"1,53,724 Ratings & 8,385 Reviews",20% off
"Infinix HOT 30i (Diamond White, 128 GB)","?9,499",4.3,"1,53,724 Ratings & 8,385 Reviews",20% off
"Infinix HOT 30i (Marigold, 128 GB)","?9,499",4.3,"1,53,724 Ratings & 8,385 Reviews",20% off
"vivo Y28s 5G (Vintage Red, 128 GB)","?15,499",4.4,88 Ratings & 4 Reviews,22% off
"vivo Y28s 5G (Twinkling Purple, 128 GB)","?15,499",4.4,88 Ratings & 4 Reviews,22% off
"REDMI A3 (Lake Blue, 128 GB)","?8,745",4,763 Ratings & 44 Reviews,27% off
"SAMSUNG Galaxy S21 FE 5G (Graphite, 128 GB)","?27,999",4.3,"1,46,482 Ratings & 13,899 Reviews",62% off
"IQOO Z6 Lite 5G (With Charger) (Stellar Green, 128 GB)","?13,900",4.3,"8,326 Ratings & 471 Reviews",30% off
"vivo T3 Ultra (Lunar Gray, 256 GB)","?35,999",,,10% off
"REDMI Note 13 5G (Prism Gold, 256 GB)","?19,999",4.1,"2,957 Ratings & 181 Reviews",20% off
"Infinix Zero 30 5G (Golden Hour, 256 GB)","?22,999",4.2,"12,719 Ratings & 1,780 Reviews",23% off
"realme Narzo 70 Pro 5G (Gold, Glass Gold, 128 GB)","?17,280",4.3,"3,843 Ratings & 245 Reviews",30% off
"OPPO F27 Pro+ (Midnight Navy, 128 GB)","?27,999",4.2,"1,993 Ratings & 106 Reviews",15% off
"SAMSUNG Galaxy A15 5G (Light Blue, 128 GB)","?17,172",4.2,"1,581 Ratings & 114 Reviews",20% off
"realme Narzo N65 5G (Amber Gold, 128 GB)","?11,315",4.3,328 Ratings & 16 Reviews,19% off
"REDMI Note 12 5G (Mystique Blue, 256 GB)","?18,999",4.1,"5,481 Ratings & 422 Reviews",20% off
"Nothing Phone (2a) 5G (Blue, 256 GB)","?25,999",4.4,"46,178 Ratings & 4,496 Reviews",7% off
"realme 12 5G (Twilight Purple, 128 GB)","?16,999",4.4,"7,220 Ratings & 470 Reviews",15% off
"itel A05s (Meadow Green, 64 GB)","?5,899",4.1,89 Ratings & 3 Reviews,21% off
"Xiaomi 14 CIVI (Shadow Black, 256 GB)","?42,999",4.2,712 Ratings & 102 Reviews,21% off
"SAMSUNG Galaxy A55 5G (Awesome Navy, 256 GB)","?42,999",4.4,200 Ratings & 17 Reviews,6% off
"OnePlus Nord 3 5G (Misty Green, 128 GB)","?22,383",4.3,"12,918 Ratings & 1,055 Reviews",34% off
"REDMI 12 5G (Moonstone Silver, 128 GB)","?12,890",4.2,"53,035 Ratings & 2,435 Reviews",28% off
"REDMI Note 13 Pro+ 5G (Fusion Purple, 256 GB)","?27,724",4.2,"8,274 Ratings & 887 Reviews",18% off
"itel A05s (Nebula Black, 64 GB)","?5,993",4.1,89 Ratings & 3 Reviews,20% off
"Nothing Phone (2a) 5G (Blue, 128 GB)","?23,999",4.4,"46,178 Ratings & 4,496 Reviews",7% off
"vivo V29 5G (Black, 256 GB)","?36,999",4.5,"2,923 Ratings & 287 Reviews",No discount
"REDMI Note 13 Pro 5G (Midnight Black, 128 GB)","?24,999",4.3,"19,318 Ratings & 1,658 Reviews",13% off
"vivo V29 5G (Blue, 256 GB)","?32,990",4.5,"2,923 Ratings & 287 Reviews",10% off
"vivo Y28s 5G (Vintage Red, 128 GB)","?16,999",5,9 Ratings & 0 Reviews,22% off
"vivo Y28s 5G (Twinkling Purple, 128 GB)","?16,999",5,9 Ratings & 0 Reviews,22% off
"vivo V29 5G (Blue, 128 GB)","?32,999",4.5,"9,375 Ratings & 1,036 Reviews",No discount
"vivo Y28s 5G (Vintage Red, 128 GB)","?15,499",4.4,88 Ratings & 4 Reviews,22% off
"vivo Y28s 5G (Twinkling Purple, 128 GB)","?15,499",4.4,88 Ratings & 4 Reviews,22% off
"vivo T3 Ultra (Lunar Gray, 256 GB)","?35,999",,,10% off
"REDMI A2+ (Classic Black, 128 GB)","?8,300",4.1,"3,329 Ratings & 165 Reviews",33% off
"SAMSUNG GALAXY M13 (Aqua Green, 64 GB)","?9,890",4.2,"5,476 Ratings & 303 Reviews",34% off
"OnePlus Nord 3 5G (Tempest Gray, 128 GB)","?29,990",4.3,"12,918 Ratings & 1,055 Reviews",11% off
"realme C35 (Glowing Green, 128 GB)","?10,999",4.4,"1,98,467 Ratings & 10,522 Reviews",26% off
"REDMI Note 13 Pro 5G (Coral Purple, 256 GB)","?23,127",4.3,"19,318 Ratings & 1,658 Reviews",25% off
"Nokia C32 (Breezy Mint, 128 GB)","?7,999",3.8,"1,420 Ratings & 118 Reviews",27% off
"Nokia C32 (Beach Pink, 128 GB)","?7,999",3.8,"1,420 Ratings & 118 Reviews",27% off
"vivo Y28s 5G (Twinkling Purple, 128 GB)","?13,999",4.1,7 Ratings & 0 Reviews,22% off
"Motorola G34 5G (Charcoal Black, 128 GB)","?10,999",4.2,"44,191 Ratings & 3,317 Reviews",21% off
"realme Narzo N53 (Feather Black, 128 GB)","?10,390",4.2,"5,011 Ratings & 249 Reviews",20% off
"SAMSUNG Galaxy A23 5G (Orange, 128 GB)","?21,999",4.1,"2,673 Ratings & 176 Reviews",24% off
"LAVA Blaze (Glass Red, 64 GB)","?8,699",3.9,"1,663 Ratings & 364 Reviews",10% off
"OPPO A3 Pro 5G (Moonlight Purple, 128 GB)","?17,999",4.3,750 Ratings & 34 Reviews,14% off
"realme 13 5G (Dark Purple, 256 GB)","?19,999",4.1,126 Ratings & 11 Reviews,13% off
"REDMI A3 (Midnight Black, 128 GB)","?8,999",4,763 Ratings & 44 Reviews,25% off
"REDMI Note 13 Pro 5G (Arctic White, 128 GB)","?24,999",4.3,"19,318 Ratings & 1,658 Reviews",13% off
"REDMI A3 (Lake Blue, 128 GB)","?8,745",4,763 Ratings & 44 Reviews,27% off
"realme C30s (Stripe Black, 32 GB)","?6,880",4.4,"7,061 Ratings & 245 Reviews",31% off
"realme 12 5G (Woodland Green, 128 GB)","?17,999",4.3,"2,104 Ratings & 112 Reviews",14% off
"vivo Y200 5G (Desert Gold, 256 GB)","?22,326",4.4,"2,877 Ratings & 194 Reviews",23% off
"Xiaomi 14 (Black, 512 GB)","?69,999",4.5,609 Ratings & 95 Reviews,12% off
"realme Narzo N53 (Feather Gold, 64 GB)","?9,499",4.2,"9,328 Ratings & 458 Reviews",13% off
"realme Narzo N53 (Feather Gold, 128 GB)","?10,900",4.2,"1,952 Ratings & 97 Reviews",22% off
"realme 12 5G (Woodland Green, 128 GB)","?16,999",4.4,"7,220 Ratings & 470 Reviews",15% off
"Apple iPhone 14 (Starlight, 128 GB)","?57,999",4.6,"3,02,384 Ratings & 11,640 Reviews",3% off
"OPPO A3x 5G (Starlight White, 128 GB)","?13,499",4.1,374 Ratings & 16 Reviews,15% off
"SAMSUNG Galaxy A15 5G (Blue, 128 GB)","?17,999",4.3,245 Ratings & 14 Reviews,10% off
"Redmi 4A (Gold, 32 GB)","?6,999",4.4,"2,09,629 Ratings & 31,781 Reviews",No discount
"vivo Y200 5G (Jungle Green, 256 GB)","?22,067",4.4,"2,877 Ratings & 194 Reviews",23% off
"vivo V27 5G (Magic Blue, 128 GB)","?32,999",4.4,"27,917 Ratings & 2,937 Reviews",10% off
"itel S24 (Dawn White, 128 GB)","?8,999",4,31 Ratings & 0 Reviews,30% off
"realme C35 (Glowing Green, 64 GB)","?9,998",4.4,"1,98,467 Ratings & 10,522 Reviews",28% off
"realme C35 (Glowing Black, 128 GB)","?12,990",4.3,"17,791 Ratings & 1,003 Reviews",18% off
"vivo Y200e 5G (Saffron Delight, 128 GB)","?20,999",4.3,797 Ratings & 44 Reviews,19% off
"SAMSUNG Galaxy M14 5G (Icy Silver, 128 GB)","?13,449",4.2,"25,324 Ratings & 1,563 Reviews",29% off
"OPPO A59 5G (Starry Black, 128 GB)","?14,900",4.3,"2,265 Ratings & 117 Reviews",25% off
"OPPO Reno 12 5G (Astro Silver, 256 GB)","?32,999",4.4,240 Ratings & 9 Reviews,25% off
"realme Narzo N53 (Feather Gold, 128 GB)","?10,280",4.2,"5,011 Ratings & 249 Reviews",20% off
"REDMI Note 13 Pro+ 5G (Fusion Black, 512 GB)","?33,499",4.2,"6,454 Ratings & 623 Reviews",11% off
"SAMSUNG Galaxy A55 5G (Awesome Iceblue, 128 GB)","?39,999",4.4,200 Ratings & 17 Reviews,6% off
"vivo Y36 (Vibrant Gold, 128 GB)","?14,999",4.3,"1,245 Ratings & 62 Reviews",31% off
"SAMSUNG Galaxy F55 5G (Apricot Crush, 128 GB)","?22,999",3.8,652 Ratings & 60 Reviews,20% off
"POCO F4 5G (Night Black, 128 GB)","?18,885",4.3,"5,825 Ratings & 731 Reviews",46% off
"Motorola e22s (Eco Black, 64 GB)","?8,999",4,699 Ratings & 40 Reviews,18% off
"vivo Y200 5G (Desert Gold, 128 GB)","?22,990",4.4,"2,877 Ratings & 194 Reviews",17% off
"SAMSUNG Galaxy A23 5G (Orange, 128 GB)","?21,999",4.1,"2,673 Ratings & 176 Reviews",24% off
"vivo Y200e 5G (Saffron Delight, 128 GB)","?20,999",4.3,797 Ratings & 44 Reviews,19% off
"realme Narzo N53 (Feather Gold, 64 GB)","?9,499",4.2,"9,328 Ratings & 458 Reviews",13% off
"realme Narzo N53 (Feather Gold, 128 GB)","?10,900",4.2,"1,952 Ratings & 97 Reviews",22% off
"vivo T3 Ultra (Lunar Gray, 256 GB)","?35,999",,,10% off
"Micromax IN 1 (Purple, 128 GB)","?11,499",4.1,"7,009 Ratings & 1,340 Reviews",30% off
"itel S23 with Dual Sim| 50MP Rear Camera| 5000mAh Battery|Expandable Upto 1 TB (Sky Blue, 128 GB)","?6,599",4.1,810 Ratings & 33 Reviews,30% off
"vivo Y200 5G (Jungle Green, 256 GB)","?22,067",4.4,"2,877 Ratings & 194 Reviews",23% off
"REDMI Note 13 Pro+ 5G (Fusion White, 512 GB)","?33,499",4.2,"6,454 Ratings & 623 Reviews",11% off
"Infinix HOT 30 5G (Aurora Blue, 128 GB)","?13,499",4.2,"30,342 Ratings & 2,579 Reviews",20% off
"Infinix HOT 30 5G (Miami Orange, 128 GB)","?13,499",4.2,"30,342 Ratings & 2,579 Reviews",20% off
"POCO M6 5G (Orion Blue, 256 GB)","?13,499",4.2,"16,779 Ratings & 877 Reviews",15% off
"REDMI Note 13 Pro+ 5G (Fusion Purple, 256 GB)","?28,606",4.2,"6,454 Ratings & 623 Reviews",20% off
"vivo Y200e 5G (Saffron Delight, 128 GB)","?19,999",4.2,323 Ratings & 16 Reviews,16% off
"REDMI A3 (Lake Blue, 128 GB)","?7,589",4.1,"1,298 Ratings & 50 Reviews",31% off
"IQOO NEO9 PRO (Fiery Red, 256 GB)","?38,998",4.5,350 Ratings & 27 Reviews,13% off
"REDMI Note 13 Pro 5G (Midnight Black, 128 GB)","?24,999",4.3,"19,318 Ratings & 1,658 Reviews",13% off
"Tecno Camon 20 (Art Edition, 256 GB)","?12,999",4.2,499 Ratings & 35 Reviews,27% off
"IQOO Z9S PRO 5G (Luxe Marble, 256 GB)","?29,499",3.7,3 Ratings & 0 Reviews,13% off
"realme Narzo N53 (Feather Gold, 128 GB)","?10,280",4.2,"5,011 Ratings & 249 Reviews",20% off
"Redmi 4A (Gold, 32 GB)","?6,999",4.4,"2,09,629 Ratings & 31,781 Reviews",No discount
"Infinix HOT 30 5G (Miami Orange, 128 GB)","?12,499",4.2,"5,470 Ratings & 483 Reviews",16% off
"Infinix HOT 30 5G (Knight Black, 128 GB)","?12,499",4.2,"5,470 Ratings & 483 Reviews",16% off
"Apple iPhone 13 (Pink, 128 GB)","?49,900",4.6,"2,84,249 Ratings & 13,715 Reviews",No discount
"vivo T3 Ultra (Frost Green, 128 GB)","?31,999",,,11% off
"Apple iPhone 13 (Pink, 128 GB)","?49,900",4.6,"2,84,249 Ratings & 13,715 Reviews",No discount
"Micromax IN 1 (Blue, 128 GB)","?11,499",4.1,"7,009 Ratings & 1,340 Reviews",30% off
"SAMSUNG Galaxy S24 5G (Amber Yellow, 512 GB)","?77,999",4.4,"1,156 Ratings & 141 Reviews",13% off
"vivo Y200 5G (Desert Gold, 128 GB)","?22,990",4.4,"2,877 Ratings & 194 Reviews",17% off
"Infinix HOT 30 5G (Aurora Blue, 128 GB)","?12,499",4.2,"5,470 Ratings & 483 Reviews",16% off
"POCO M6 Pro 5G (Forest Green, 128 GB)","?9,499",4.3,"80,570 Ratings & 5,235 Reviews",40% off
"OPPO A3 Pro 5G (Moonlight Purple, 128 GB)","?17,999",4.3,750 Ratings & 34 Reviews,14% off
"realme Narzo N53 (Feather Black, 64 GB)","?8,999",4.2,"9,328 Ratings & 458 Reviews",18% off
"Infinix Note 40 Pro+ 5G (Vintage Green, 256 GB)","?24,999",4.1,"1,469 Ratings & 112 Reviews",24% off
"Tecno Spark 10 Pro (Lunar Eclipse, 128 GB)","?8,999",4.2,878 Ratings & 34 Reviews,35% off
"SAMSUNG Galaxy A54 5G (Awesome Graphite, 256 GB)","?35,499",4.3,"3,447 Ratings & 320 Reviews",22% off
"IQOO Z9S 5G (Onyx Green, 256 GB)","?22,837",4.6,27 Ratings & 0 Reviews,18% off
"SAMSUNG Galaxy A04 (Green, 128 GB)","?8,999",3.8,85 Ratings & 6 Reviews,43% off
"IQOO Neo9 Pro (Conqueror Black, 256 GB)","?37,980",4.5,383 Ratings & 22 Reviews,9% off
"OPPO A79 5G (Mystery Black, 128 GB)","?17,499",4.3,"2,349 Ratings & 130 Reviews",23% off
"REDMI 12 5G (Moonstone Silver, 128 GB)","?11,999",4.3,"11,384 Ratings & 519 Reviews",25% off
"Xiaomi 14 (Jade Green, 512 GB)","?69,999",4.5,609 Ratings & 95 Reviews,12% off
"REDMI 12 (Pastel Blue, 128 GB)","?9,129",4.2,"54,135 Ratings & 3,494 Reviews",42% off
"Google Pixel 8a (Bay, 128 GB)","?49,999",4.1,"1,072 Ratings & 124 Reviews",5% off
"Micromax IN 1 (Blue, 64 GB)","?9,999",4,"11,576 Ratings & 2,019 Reviews",33% off
"Micromax IN 1 (Purple, 64 GB)","?9,999",4,"11,576 Ratings & 2,019 Reviews",33% off
"LAVA Yuva 3 with Dual Sim|5000 mAh Battery|13MP Rear Camera |Expandable Upto 512 GB (Cosmic Lavender, ...","?7,399",4.1,235 Ratings & 14 Reviews,7% off
"realme 12 5G (Twilight Purple, 128 GB)","?17,999",4.3,"2,104 Ratings & 112 Reviews",14% off
"vivo T3 Ultra (Frost Green, 128 GB)","?31,999",,,11% off
"Motorola g52 (Charcoal Grey, 128 GB)","?19,999",4.2,"45,649 Ratings & 4,838 Reviews",No discount
"realme C53 (Champion Gold, 128 GB)","?9,999",4.1,"24,470 Ratings & 1,578 Reviews",16% off
"OnePlus Nord CE 2 5G (Bahama Blue, 128 GB)","?19,488",4.2,"3,667 Ratings & 315 Reviews",22% off
"OnePlus Nord CE 2 5G (Bahama Blue, 128 GB)","?19,488",4.2,"3,667 Ratings & 315 Reviews",22% off
"Xiaomi 12 Pro 5G (Noir Black, 256 GB)","?79,999",4.1,634 Ratings & 95 Reviews,No discount
"OPPO A78 5G (Glowing Blue, 128 GB)","?16,970",4.3,"7,525 Ratings & 472 Reviews",22% off
"IQOO NEO9 PRO (Fiery Red, 128 GB)","?35,999",4.5,383 Ratings & 22 Reviews,10% off
"realme Narzo 60 5G (Mars Orange, 128 GB)","?17,199",4.3,"7,991 Ratings & 498 Reviews",14% off
"REDMI Note 13 Pro+ 5G (Fusion Black, 256 GB)","?29,499",4.2,"8,274 Ratings & 887 Reviews",13% off
"SAMSUNG Galaxy A04 (Green, 128 GB)","?8,999",3.8,85 Ratings & 6 Reviews,43% off
"Tecno Camon 20 (Serenity Blue, 256 GB)","?12,999",4.2,499 Ratings & 35 Reviews,27% off
"Motorola g45 5G (Viva Magenta, 128 GB)","?10,999",4.6,315 Ratings & 19 Reviews,15% off
"itel S24 (Dawn White, 128 GB)","?8,999",4,31 Ratings & 0 Reviews,30% off
"IQOO Z7 Pro 5G (Blue Lagoon, 256 GB)","?21,999",4.4,"6,992 Ratings & 408 Reviews",21% off
"OnePlus N20 SE (CELESTIAL BLACK, 64 GB)","?10,730",4,"1,335 Ratings & 50 Reviews",36% off
"itel S24 (Starry Black, 128 GB)","?8,999",4,31 Ratings & 0 Reviews,30% off
"OnePlus Nord CE 2 5G (Bahama Blue, 128 GB)","?21,990",4.2,579 Ratings & 54 Reviews,8% off
"vivo V29 Pro 5G (Blue, 256 GB)","?39,999",4.5,"6,051 Ratings & 907 Reviews",No discount
"Tecno Phantom V fold 5G (Black, 256 GB)","?69,999",4.4,251 Ratings & 42 Reviews,36% off
"IQOO Z7 Pro 5G (Blue Lagoon, 128 GB)","?20,999",4.4,"6,992 Ratings & 408 Reviews",22% off
"Motorola g52 (Metallic White, 128 GB)","?13,999",4.2,"45,649 Ratings & 4,838 Reviews",30% off
"OPPO F25 Pro 5G (Coral Purple, 128 GB)","?23,999",4.3,"4,104 Ratings & 326 Reviews",17% off
"vivo V29 Pro 5G (Black, 256 GB)","?39,999",4.5,"6,051 Ratings & 907 Reviews",No discount
"IQOO Z7 Pro 5G (Blue Lagoon, 128 GB)","?20,999",4.4,"6,992 Ratings & 408 Reviews",22% off
"Motorola g52 (Metallic White, 128 GB)","?13,999",4.2,"45,649 Ratings & 4,838 Reviews",30% off
"vivo T3 Ultra (Lunar Gray, 256 GB)","?35,999",,,10% off
"OPPO F25 Pro 5G (Coral Purple, 128 GB)","?23,999",4.3,"4,104 Ratings & 326 Reviews",17% off
"vivo V29 Pro 5G (Black, 256 GB)","?39,999",4.5,"6,051 Ratings & 907 Reviews",No discount
"vivo Y28s 5G (Vintage Red, 128 GB)","?13,999",4.1,7 Ratings & 0 Reviews,22% off
"SAMSUNG Galaxy A55 5G (Awesome Navy, 256 GB)","?45,999",4.3,145 Ratings & 10 Reviews,6% off
"realme Narzo N53 (Feather Black, 128 GB)","?12,390",4.2,"5,011 Ratings & 249 Reviews",4% off
"OPPO A78 5G (Glowing Black, 128 GB)","?17,999",4.3,"7,525 Ratings & 472 Reviews",18% off
"realme C63 (Leather Blue, 64 GB)","?8,499",4.3,"2,553 Ratings & 116 Reviews",15% off
"vivo T2 5G (Nitro Blaze, 128 GB)","?15,999",4.4,"1,11,258 Ratings & 7,180 Reviews",33% off
"POCO X6 Neo 5G (Astral Black, 128 GB)","?13,999",4.2,"11,349 Ratings & 946 Reviews",30% off
"IQOO Neo9 Pro (Fiery Red, 256 GB)","?38,999",4.5,383 Ratings & 22 Reviews,7% off
"Samsung Galaxy S21 FE 5G with Snapdragon 888 (Navy, 128 GB)","?27,999",4.3,"1,46,482 Ratings & 13,899 Reviews",60% off
"SAMSUNG Galaxy A23 5G (Silver, 128 GB)","?23,999",4,"1,230 Ratings & 63 Reviews",22% off
"OnePlus Nord CE 2 5G (Gray Mirror, 128 GB)","?23,990",4.2,"3,667 Ratings & 315 Reviews",4% off
"REDMI A3X (Starry White, 128 GB)","?7,999",3.5,6 Ratings & 0 Reviews,27% off
"REDMI A3X (Ocean Green, 128 GB)","?7,999",3.5,6 Ratings & 0 Reviews,27% off
"Motorola G32 (Mineral Gray, 64 GB)","?16,999",4.2,"46,091 Ratings & 3,977 Reviews",No discount
"Motorola g45 5G (Brilliant Blue, 128 GB)","?10,999",4.6,315 Ratings & 19 Reviews,15% off
"Samsung Galaxy S21 FE 5G with Snapdragon 888 (Graphite, 128 GB)","?27,999",4.3,"1,46,482 Ratings & 13,899 Reviews",60% off
"realme Narzo N53 (Feather Black, 128 GB)","?11,990",4.2,"1,952 Ratings & 97 Reviews",14% off
"IQOO Z7 Pro 5G (Graphite Matte, 128 GB)","?21,978",4.4,"6,992 Ratings & 408 Reviews",18% off
"REDMI 13C (Starfrost White, 256 GB)","?10,499",4.1,"1,411 Ratings & 74 Reviews",34% off
"Infinix HOT 30i (Marigold, 64 GB)","?8,399",4.2,"28,895 Ratings & 1,595 Reviews",16% off
"OnePlus Nord CE 2 5G (Bahama Blue, 128 GB)","?21,990",4.2,579 Ratings & 54 Reviews,8% off
"vivo T3 Ultra (Lunar Gray, 256 GB)","?35,999",,,10% off
"REDMI 13C (Starfrost White, 128 GB)","?8,499",4.2,"44,411 Ratings & 1,884 Reviews",29% off
"REDMI 13C 5G (Starlight Black, 128 GB)","?11,999",4.2,"11,974 Ratings & 506 Reviews",25% off
"vivo V30 Pro 5G (Andaman Blue, 512 GB)","?46,999",4.5,"1,646 Ratings & 204 Reviews",9% off
"SAMSUNG Galaxy A34 5G (Awesome Violet, 128 GB)","?35,499",4.2,"6,728 Ratings & 551 Reviews",No discount
"vivo Y02 (Sunset Gold, 32 GB)","?7,750",4.2,"1,376 Ratings & 61 Reviews",40% off
"IQOO Neo9 Pro (Fiery Red, 256 GB)","?38,999",4.5,383 Ratings & 22 Reviews,7% off
"vivo Y200 5G (Jungle Green, 256 GB)","?22,490",4.4,"2,877 Ratings & 194 Reviews",22% off
"SAMSUNG Galaxy F15 5G (Ash Black, 128 GB)","?15,999",4.2,"3,191 Ratings & 155 Reviews",11% off
"vivo Y200e 5G (Black Diamond, 128 GB)","?20,999",4.3,797 Ratings & 44 Reviews,19% off
"realme 12 5G (Twilight Purple, 128 GB)","?17,999",4.3,"2,104 Ratings & 112 Reviews",14% off
"SAMSUNG GALAXY M13 (Stardust Brown, 64 GB)","?10,780",4.2,"5,476 Ratings & 303 Reviews",28% off
"OnePlus Nord CE 2 5G (Gray Mirror, 128 GB)","?23,990",4.2,"3,667 Ratings & 315 Reviews",4% off
"vivo V30 Pro 5G (Classic Black, 512 GB)","?46,999",4.5,"1,646 Ratings & 204 Reviews",9% off
"Tecno Pova 5 Pro 5G (Silver Fantasy, 256 GB)","?15,999",4.2,"2,481 Ratings & 136 Reviews",23% off
"vivo T2 Pro 5G (Dune Gold, 256 GB)","?23,999",4.5,"1,15,187 Ratings & 8,774 Reviews",14% off
"REDMI 12C (Matte Black, 64 GB)","?7,999",4.2,"26,818 Ratings & 1,448 Reviews",42% off
"OPPO Reno10 Pro 5G (Glossy Purple, 256 GB)","?37,999",4.3,"11,012 Ratings & 1,184 Reviews",15% off
"LAVA Yuva 3 with Dual Sim|5000 mAh Battery|13MP Rear Camera |Expandable Upto 512 GB (Eclipse Black, 12...","?7,349",4.1,235 Ratings & 14 Reviews,8% off
"SAMSUNG A05 (Light Green, 64 GB)","?8,375",3.9,273 Ratings & 8 Reviews,32% off
"OPPO A78 5G (Glowing Blue, 128 GB)","?16,970",4.3,"7,525 Ratings & 472 Reviews",22% off
"realme C51 (Carbon Black, 128 GB)","?9,499",4.3,"88,961 Ratings & 3,702 Reviews",20% off
"Micromax IN Note 1 (Green, 128 GB)","?10,999",4.1,"50,193 Ratings & 8,277 Reviews",35% off
"vivo Y75 (Moonlight Shadow, 128 GB)","?19,990",4.3,"3,407 Ratings & 239 Reviews",23% off
"vivo T1 Pro 5G (Turbo Cyan, 128 GB)","?24,999",4.4,"21,110 Ratings & 1,966 Reviews",19% off
"vivo T1 Pro 5G (Turbo Cyan, 128 GB)","?23,999",4.4,"9,905 Ratings & 921 Reviews",17% off
"vivo T3 Ultra (Lunar Gray, 256 GB)","?35,999",,,10% off
"POCO X6 Neo 5G (Astral Black, 128 GB)","?13,999",4.2,"11,349 Ratings & 946 Reviews",30% off
"OnePlus Nord CE 2 5G (Gray Mirror, 128 GB)","?23,990",4.2,579 Ratings & 54 Reviews,No discount
"IQOO Z9S PRO 5G (Flamboyant Orange, 256 GB)","?27,499",4.5,62 Ratings & 5 Reviews,14% off
"SAMSUNG Galaxy F14 5G (B.A.E. Purple, 128 GB)","?13,490",4.2,"1,21,661 Ratings & 8,644 Reviews",27% off
"vivo T1 Pro 5G (Turbo Black, 128 GB)","?23,999",4.4,"9,905 Ratings & 921 Reviews",17% off
"realme Narzo 60 5G (Mars Orange, 128 GB)","?17,199",4.3,"7,991 Ratings & 498 Reviews",14% off
"SAMSUNG Galaxy A54 5G (Awesome Lime, 256 GB)","?35,499",4.3,"3,447 Ratings & 320 Reviews",22% off
"OnePlus 12 (Silky Black, 512 GB)","?55,444",4.6,"1,110 Ratings & 96 Reviews",20% off
"itel P55 5G |50MP Dual Rear Camera|5000mAh Battery|Expandable Upto 1 TB (Galaxy Blue, 64 GB)","?8,954",4.2,"1,012 Ratings & 67 Reviews",31% off
"vivo V30 Pro 5G (Andaman Blue, 256 GB)","?41,999",4.5,"4,402 Ratings & 599 Reviews",10% off
"OnePlus 12 (Silky Black, 256 GB)","?51,522",4.5,949 Ratings & 67 Reviews,20% off
"vivo V29 Pro 5G (Blue, 256 GB)","?39,999",4.5,"6,051 Ratings & 907 Reviews",No discount
"OPPO F25 Pro 5G (Coral Purple, 128 GB)","?23,999",4.3,"4,104 Ratings & 326 Reviews",17% off
"vivo V29e 5G (Artistic Blue, 256 GB)","?27,999",4.4,"19,888 Ratings & 1,742 Reviews",17% off
"vivo V29e 5G (Artistic Red, 256 GB)","?27,999",4.4,"19,888 Ratings & 1,742 Reviews",17% off
"vivo V29 Pro 5G (Black, 256 GB)","?39,999",4.5,"6,051 Ratings & 907 Reviews",No discount
"OPPO A79 5G (Glowing Green, 128 GB)","?17,499",4.3,"2,349 Ratings & 130 Reviews",23% off
"OPPO A3x 5G (Starry Purple, 64 GB)","?12,499",4.1,374 Ratings & 16 Reviews,16% off
"vivo T2x 5G (Glimmer Black, 128 GB)","?14,800",4.4,"1,82,035 Ratings & 9,310 Reviews",17% off
"vivo T3 Ultra (Lunar Gray, 256 GB)","?35,999",,,10% off
"IQOO Z9S PRO 5G (Flamboyant Orange, 128 GB)","?26,990",4.5,62 Ratings & 5 Reviews,10% off
"vivo V30 Pro 5G (Classic Black, 256 GB)","?41,999",4.5,"4,402 Ratings & 599 Reviews",10% off
"vivo Y21G (Diamond Glow, 64 GB)","?11,290",4.4,"2,446 Ratings & 168 Reviews",37% off
"OnePlus Nord 2T 5G (Jade Fog, 128 GB)","?24,470",4.3,"13,418 Ratings & 1,038 Reviews",15% off
"realme Narzo 70 Pro 5G (Green, Glass Green, 128 GB)","?19,998",4.3,"3,843 Ratings & 245 Reviews",20% off
"Motorola Edge 40 (Viva Magenta, 256 GB)","?26,999",4.3,"82,124 Ratings & 8,787 Reviews",22% off
"Tecno Phantom V fold 5G (Black, 256 GB)","?69,999",4.4,251 Ratings & 42 Reviews,36% off
"IQOO IQOOZ7PRO (Lagoon Blue, 128 GB)","?21,419",4.2,116 Ratings & 7 Reviews,20% off
"Motorola g04s (Concord Black, 64 GB)","?7,299",4.2,"18,385 Ratings & 953 Reviews",27% off
"vivo V27 5G (Noble Black, 256 GB)","?36,999",4.4,"3,647 Ratings & 367 Reviews",9% off
"Tecno Camon 20 (Art Edition, 256 GB)","?12,999",4.2,499 Ratings & 35 Reviews,27% off
"vivo Y21G (Midnight Blue, 64 GB)","?13,499",4.4,"2,446 Ratings & 168 Reviews",24% off
"REDMI 12 5G (Pastel Blue, 128 GB)","?12,989",4.3,"11,384 Ratings & 519 Reviews",18% off
"POCO M4 Pro (Cool Blue, 64 GB)","?8,999",4.3,"1,88,293 Ratings & 15,819 Reviews",50% off
"realme 12x 5G (Woodland Green, 128 GB)","?11,999",4.1,"10,168 Ratings & 618 Reviews",29% off
"SAMSUNG Galaxy F41 (Fusion Blue, 128 GB)","?14,499",4.3,"3,94,641 Ratings & 41,868 Reviews",30% off
"Apple iPhone 15 Pro Max (Black Titanium, 256 GB)","?1,34,900",4.6,707 Ratings & 56 Reviews,No discount
"REDMI Note 13 Pro+ 5G (Fusion White, 512 GB)","?33,499",4.2,"6,454 Ratings & 623 Reviews",11% off
"vivo Y200 Pro 5G (Silk Green, 128 GB)","?24,999",4.4,208 Ratings & 11 Reviews,No discount
"REDMI Note 13 5G (Stealth Black, 128 GB)","?16,999",4.2,"14,332 Ratings & 865 Reviews",19% off
"SAMSUNG Galaxy A34 5G (Awesome Violet, 128 GB)","?28,999",4.4,94 Ratings & 8 Reviews,12% off
"SAMSUNG Galaxy A04 (Black, 64 GB)","?8,499",3.8,85 Ratings & 6 Reviews,43% off
"POCO X6 5G (Snowstorm White, 256 GB)","?20,999",4.3,"4,345 Ratings & 443 Reviews",22% off
"vivo T3 Ultra (Frost Green, 128 GB)","?31,999",,,11% off
"Infinix Note 30 5G (Magic Black, 128 GB)","?14,999",4.2,"4,482 Ratings & 457 Reviews",16% off
"Infinix Note 30 5G (Sunset Gold, 128 GB)","?14,999",4.2,"4,482 Ratings & 457 Reviews",16% off
"realme C35 (Glowing Green, 64 GB)","?9,998",4.4,"1,98,467 Ratings & 10,522 Reviews",28% off
"realme C35 (Glowing Black, 128 GB)","?12,990",4.3,"17,791 Ratings & 1,003 Reviews",18% off
"realme 11 5G (Glory Black, 256 GB)","?19,999",4.3,"71,294 Ratings & 5,462 Reviews",13% off
"realme C55 (Rainforest, 64 GB)","?10,999",4.4,"1,11,481 Ratings & 6,287 Reviews",15% off
"realme C55 (Rainy Night, 64 GB)","?10,999",4.4,"1,11,481 Ratings & 6,287 Reviews",15% off
"REDMI 13C 5G (Starlight Black, 128 GB)","?11,999",4.2,"11,974 Ratings & 506 Reviews",25% off
"realme C67 5G (Sunny Oasis, 128 GB)","?14,999",4.3,"1,257 Ratings & 101 Reviews",16% off
"realme C67 5G (Dark Purple, 128 GB)","?14,999",4.3,"1,257 Ratings & 101 Reviews",16% off
"Motorola g45 5G (Brilliant Green, 128 GB)","?10,999",4.6,315 Ratings & 19 Reviews,15% off
"realme C55 (Rainy Night, 64 GB)","?8,999",4.3,"19,449 Ratings & 1,206 Reviews",35% off
"Xiaomi 14 CIVI (Hot Pink, 512 GB)","?48,999",4.3,286 Ratings & 29 Reviews,18% off
"Nokia C32 (Breezy Mint, 128 GB)","?8,499",3.9,337 Ratings & 27 Reviews,26% off
"realme Narzo N55 (Prime Blue, 64 GB)","?10,960",4.3,"2,858 Ratings & 158 Reviews",15% off
"realme C35 (Glowing Green, 128 GB)","?10,999",4.4,"1,98,467 Ratings & 10,522 Reviews",26% off
"Redmi Note 7 (Sapphire Blue, 32 GB)","?12,999",4.4,"1,32,027 Ratings & 13,984 Reviews",No discount
"Google Pixel 8a (Obsidian, 128 GB)","?49,999",4.1,"1,072 Ratings & 124 Reviews",5% off
"Honor 200 5G (Black, 256 GB)","?31,999",4.2,23 Ratings & 2 Reviews,20% off
"vivo X100 (Asteroid Black, 512 GB)","?69,999",4.6,327 Ratings & 63 Reviews,6% off
"vivo X100 (Stargaze Blue, 512 GB)","?69,999",4.6,327 Ratings & 63 Reviews,6% off
"realme C67 5G (Dark Purple, 128 GB)","?13,999",4.4,"7,382 Ratings & 507 Reviews",17% off
"realme C67 5G (Sunny Oasis, 128 GB)","?13,999",4.4,"7,382 Ratings & 507 Reviews",17% off
